<?xml version="1.0" encoding="UTF-8"?>

<SYSTEMS xmlns='http://www.fb10.uni-bremen.de/anglistik/langpro/kpml/README.html'
  xmlns:xsi='http://www.w3.org/2001/XMLSchema-instance'
  xsi:schemaLocation='http://www.fb10.uni-bremen.de/anglistik/langpro/kpml/README.html file:/E:/KPML reimplementation/XML coding/system_schema.xsd'>
  
  <COMMENTS>
  ;;; File creation information: 
  ;;; 4-11-1998 15:49:40 at 
  </COMMENTS>
  <IN-REGION>ELABORATION </IN-REGION>
  <IN-LANGUAGE>ENGLISH </IN-LANGUAGE>
  <SYSTEM>
      <SYSTEM-TYPE>SYSTEM</SYSTEM-TYPE>
      <NAME>CAUSE-POINT-OF-ELABORATION</NAME>
      <INPUTS><and><s>CAUSE</s><s>CIRCUMSTANCE-ELABORATION</s></and></INPUTS>
      <OUTPUTS>
          <out>
              <probability>0.5</probability>
              <feature>CAUSE-ELABORATION</feature>
              <realization><order><a>CAUSE</a><b>ELABORATION</b></order></realization>
          </out>
          <out>
              <probability>0.5</probability>
              <feature>NONCAUSE-ELABORATION</feature>
          </out>
      </OUTPUTS>
      <CHOOSER>CAUSE-POINT-OF-ELABORATION-CHOOSER</CHOOSER>
      <REGION>ELABORATION</REGION>
      <METAFUNCTION>LOGICAL</METAFUNCTION>
  </SYSTEM>
  
  <SYSTEM>
      <SYSTEM-TYPE>GATE</SYSTEM-TYPE>
      <NAME>CIRCUMSTANCE-POINTS-OF-ELABORATION</NAME>
      <INPUTS>
          <and><s>ARTLY-SHARED-CONCEPTUAL-BASE</s>
            <or><s>NONOBLIQUE-COMPLEMENT-ELABORATION</s>
                <and><s>NONOBLIQUE-COMPLEMENTED</s>
                    <or><s>NONCOMPLEMENT-ELABORATION</s><s>NONATTRIBUTE-ELABORATION</s>
                        <and><or><s>NONSUBJECT-ELABORATION</s><s>SUBJECT-IMPLICIT</s>
                                 <s>IMPERATIVE-SUBJECT-IMPLICIT</s>
                                 <s>IMPLICIT-SUBJECT-ELABORATING</s></or>
                                 <s>NONCOMPLEMENTED</s>
                        </and></or></and></or></and>
      </INPUTS>
      <OUTPUTS>
          <out>
              <probability>1.0</probability>
              <feature>CIRCUMSTANCE-ELABORATION</feature>
          </out>
      </OUTPUTS>
      <REGION>ELABORATION</REGION>
      <METAFUNCTION>LOGICAL</METAFUNCTION>
  </SYSTEM>
</SYSTEMS>  
 