<!-- edited with XMLSPY v5 rel. 4 U (http://www.xmlspy.com) by John Arnold Bateman (University of Bremen) -->
<splspec xmlns="http://www.fb10.uni-bremen.de/anglistik/langpro/kpml/README.html" xmlns:system_extension="http://www.fb10.uni-bremen.de/anglistik/langpro/kpml/customization.html" xmlns:xsi="http://www.w3.org/2001/XMLSchema-instance" xsi:schemaLocation="http://www.fb10.uni-bremen.de/anglistik/langpro/kpml/README.html
E:\systems\kpml\kpml4\XSDs\spl_schema.xsd">
	<spl>
		<identifier>P2-4662</identifier>
		<symbol>P2</symbol>
		<type>CREATIVE-MATERIAL-ACTION</type>
		<attributeValuePair>
			<attribute>LEX</attribute>
			<value>
				<literal>BEGIN</literal>
			</value>
		</attributeValuePair>
		<attributeValuePair>
			<attribute>SPEECH-ACT-ID</attribute>
			<value>
				<spl>
					<identifier>SA29-4663</identifier>
					<symbol>SA29</symbol>
					<type>SPEECH-ACT</type>
					<attributeValuePair>
						<attribute>SPEAKING-TIME-ID</attribute>
						<value>
							<spl>
								<identifier>ST27-4664</identifier>
								<symbol>ST27</symbol>
								<type>TIME</type>
								<attributeValuePair>
									<attribute>TIME-IN-RELATION-TO-SPEAKING-TIME-ID</attribute>
									<value>
										<spl>
											<identifier>ET28-4665</identifier>
											<symbol>ET28</symbol>
											<type>NIL</type>
										</spl>
									</value>
								</attributeValuePair>
								<attributeValuePair>
									<attribute>PRECEDE-Q</attribute>
									<value>
										<spl>
											<identifier>PRECEDE-Q-4666</identifier>
											<symbol>(ST27-4667 ET28-4668 NOTPRECEDES)</symbol>
											<type>INQUIRY-RESPONSE</type>
										</spl>
									</value>
								</attributeValuePair>
							</spl>
						</value>
					</attributeValuePair>
				</spl>
			</value>
		</attributeValuePair>
		<attributeValuePair>
			<attribute>REFERENCE-TIME-ID</attribute>
			<value>
				<spl>
					<identifier>ET28-4669</identifier>
					<symbol>ET28</symbol>
					<type>TIME</type>
					<attributeValuePair>
						<attribute>PRECEDE-Q</attribute>
						<value>
							<spl>
								<identifier>PRECEDE-Q-4670</identifier>
								<symbol>(ET28-4671 ST27-4672 PRECEDES)</symbol>
								<type>INQUIRY-RESPONSE</type>
							</spl>
						</value>
					</attributeValuePair>
				</spl>
			</value>
		</attributeValuePair>
		<attributeValuePair>
			<attribute>TEMPORAL-DEFINITENESS-SPECIFICATION-Q</attribute>
			<value>
				<literal>SPECIFIED</literal>
			</value>
		</attributeValuePair>
		<attributeValuePair>
			<attribute>ACTOR</attribute>
			<value>
				<spl>
					<identifier>B1-4673</identifier>
					<symbol>B1</symbol>
					<type>PERSON</type>
					<attributeValuePair>
						<attribute>FAVOR-Q</attribute>
						<value>
							<literal>CLASSIFY</literal>
						</value>
					</attributeValuePair>
					<attributeValuePair>
						<attribute>IDENTIFIABILITY-Q</attribute>
						<value>
							<literal>IDENTIFIABLE</literal>
						</value>
					</attributeValuePair>
					<attributeValuePair>
						<attribute>LEX</attribute>
						<value>
							<literal>BEHRENS</literal>
						</value>
					</attributeValuePair>
				</spl>
			</value>
		</attributeValuePair>
		<attributeValuePair>
			<attribute>ACTEE</attribute>
			<value>
				<spl>
					<identifier>A1-4674</identifier>
					<symbol>A1</symbol>
					<type>OBJECT</type>
					<attributeValuePair>
						<attribute>LEX</attribute>
						<value>
							<literal>ACTIVITY</literal>
						</value>
					</attributeValuePair>
					<attributeValuePair>
						<attribute>SINGULARITY-Q</attribute>
						<value>
							<literal>SINGULAR</literal>
						</value>
					</attributeValuePair>
					<attributeValuePair>
						<attribute>MULTIPLICITY-Q</attribute>
						<value>
							<literal>UNITARY</literal>
						</value>
					</attributeValuePair>
					<attributeValuePair>
						<attribute>OWNED-BY</attribute>
						<value>
							<spl>
								<identifier>S2-4675</identifier>
								<symbol>S2</symbol>
								<type>PERSON</type>
								<attributeValuePair>
									<attribute>MEMBER-SET-Q</attribute>
									<value>
										<spl>
											<identifier>MEMBER-SET-Q-4676</identifier>
											<symbol>(SPEAKER-4677 HE-4678 NOTINCLUDED)</symbol>
											<type>INQUIRY-RESPONSE</type>
										</spl>
									</value>
								</attributeValuePair>
								<attributeValuePair>
									<attribute>MULTIPLICITY-Q</attribute>
									<value>
										<literal>UNITARY</literal>
									</value>
								</attributeValuePair>
								<attributeValuePair>
									<attribute>EMPTY-NUMBER-Q</attribute>
									<value>
										<literal>EMPTY</literal>
									</value>
								</attributeValuePair>
								<attributeValuePair>
									<attribute>IDENTIFIABILITY-Q</attribute>
									<value>
										<literal>IDENTIFIABLE</literal>
									</value>
								</attributeValuePair>
								<attributeValuePair>
									<attribute>GENDER-Q</attribute>
									<value>
										<literal>MALE</literal>
									</value>
								</attributeValuePair>
							</spl>
						</value>
					</attributeValuePair>
					<attributeValuePair>
						<attribute>PROPERTY-ASCRIPTION</attribute>
						<value>
							<spl>
								<identifier>PR1-4679</identifier>
								<symbol>PR1</symbol>
								<type>MATERIAL-CLASS-QUALITY</type>
								<attributeValuePair>
									<attribute>LEX</attribute>
									<value>
										<literal>PROFESSIONAL</literal>
									</value>
								</attributeValuePair>
							</spl>
						</value>
					</attributeValuePair>
				</spl>
			</value>
		</attributeValuePair>
		<attributeValuePair>
			<attribute>ROLE-PLAYING</attribute>
			<value>
				<spl>
					<identifier>PA1-4680</identifier>
					<symbol>PA1</symbol>
					<type>PERSON</type>
					<attributeValuePair>
						<attribute>LEX</attribute>
						<value>
							<literal>PAINTER</literal>
						</value>
					</attributeValuePair>
				</spl>
			</value>
		</attributeValuePair>
		<attributeValuePair>
			<attribute>SIMILARITY</attribute>
			<value>
				<spl>
					<identifier>C1-4681</identifier>
					<symbol>C1</symbol>
					<type>PERSON</type>
					<attributeValuePair>
						<attribute>FAVOR-Q</attribute>
						<value>
							<literal>CLASSIFY</literal>
						</value>
					</attributeValuePair>
					<attributeValuePair>
						<attribute>IDENTIFIABILITY-Q</attribute>
						<value>
							<literal>IDENTIFIABLE</literal>
						</value>
					</attributeValuePair>
					<attributeValuePair>
						<attribute>LEX</attribute>
						<value>
							<literal>LECORBUSIER</literal>
						</value>
					</attributeValuePair>
				</spl>
			</value>
		</attributeValuePair>
	</spl>
</splspec>
