<?xml version="1.0" encoding="UTF-8" standalone="no"?>
<operators name="core" version="5.0"
	docbundle="com/rapidminer/resources/i18n/OperatorsCoreDocumentation">
	<!-- <group key="IO"> <group key="Text"> <operator> <key>SingleTextInput</key> 
		<class>com.rapidminer.operator.text.io.SingleTextInputOperator</class> </operator> 
		</group> </group> <group key="Preprocessing"> <group key="Attributes"> <group 
		key="Selection"> <operator> <key>ForwardSelection</key> <class>com.rapidminer.operator.features.selection.ForwardSelectionOperator</class> 
		</operator> </group> </group> </group -->
	<group key="">
		<operator>
			<key>process</key>
			<class>com.rapidminer.operator.ProcessRootOperator</class>
			<icon>elements_selection.png</icon>
			<replaces>Process</replaces>
		</operator>
		<group key="deprecated">
			<operator>
				<key>dummy</key>
				<class>com.rapidminer.operator.DummyOperator</class>
			</operator>
			<operator>
				<deprecatedSince>5.0</deprecatedSince>
				<key>hierarchical_classification</key>
				<class>com.rapidminer.operator.learner.meta.HierarchicalLearner
				</class>
			</operator>
			<group key="todo">
				<operator>
					<deprecatedSince>5.0</deprecatedSince>
					<key>fixedsplitvalidation</key>
					<class>com.rapidminer.operator.validation.FixedSplitValidationChain
					</class>
					<replaces>FixedSplitValidation</replaces>
				</operator>
				<operator>
					<key>operatorenabler</key>
					<class>com.rapidminer.operator.meta.OperatorEnabler</class>
					<deprecatedSince>5.0</deprecatedSince>
					<replaces>OperatorEnabler</replaces>
				</operator>
				<operator>
					<deprecatedSince>5.0</deprecatedSince>
					<key>conditionedfeaturegeneration</key>
					<class>com.rapidminer.operator.features.construction.ConditionedFeatureGeneration
					</class>
					<replaces>ConditionedFeatureGeneration</replaces>
				</operator>
				<operator>
					<key>linearcombination</key>
					<class>com.rapidminer.operator.features.construction.LinearCombinationOperator
					</class>
					<deprecatedSince>5.0</deprecatedSince>
					<replaces>LinearCombination</replaces>
				</operator>
				<operator>
					<key>valuesubgroupiterator</key>
					<deprecatedSince>5.0</deprecatedSince>
					<class>com.rapidminer.operator.meta.ValueSubgroupIteration</class>
					<replaces>ValueSubgroupIterator</replaces>
				</operator>
				<operator>
					<key>attributebasedvote</key>
					<deprecatedSince>5.0</deprecatedSince>
					<class>com.rapidminer.operator.learner.lazy.AttributeBasedVotingLearner
					</class>
					<replaces>AttributeBasedVote</replaces>
				</operator>
				<operator>
					<key>featurenamefilter</key>
					<class>com.rapidminer.operator.preprocessing.filter.FeatureNameFilter
					</class>
					<deprecatedSince>5.0</deprecatedSince>
					<replaces>FeatureNameFilter</replaces>
				</operator>
				<operator>
					<key>absolutestratifiedsampling</key>
					<deprecatedSince>5.0</deprecatedSince>
					<class>com.rapidminer.operator.preprocessing.sampling.AbsoluteStratifiedSampling
					</class>
					<replaces>AbsoluteStratifiedSampling</replaces>
				</operator>
				<operator>
					<key>featurevaluetypefilter</key>
					<class>com.rapidminer.operator.preprocessing.filter.FeatureValueTypeFilter
					</class>
					<deprecatedSince>5.0</deprecatedSince>
					<replaces>FeatureValueTypeFilter</replaces>
				</operator>
				<operator>
					<key>minmaxbindiscretization</key>
					<deprecatedSince>5.0</deprecatedSince>
					<class>com.rapidminer.operator.preprocessing.discretization.MinMaxBinDiscretization
					</class>
					<replaces>MinMaxBinDiscretization</replaces>
				</operator>
				<operator>
					<key>featureblocktypefilter</key>
					<class>com.rapidminer.operator.preprocessing.filter.FeatureBlockTypeFilter
					</class>
					<deprecatedSince>5.0</deprecatedSince>
					<replaces>FeatureBlockTypeFilter</replaces>
				</operator>
				<operator>
					<key>splitchain</key>
					<deprecatedSince>5.0</deprecatedSince>
					<class>com.rapidminer.operator.meta.RatioSplitChain</class>
					<replaces>SplitChain</replaces>
				</operator>
				<operator>
					<key>absolutesampling</key>
					<deprecatedSince>5.0</deprecatedSince>
					<class>com.rapidminer.operator.preprocessing.sampling.AbsoluteSampling
					</class>
					<replaces>AbsoluteSampling</replaces>
				</operator>
				<operator>
					<key>simpleexamplesource</key>
					<deprecatedSince>5.0</deprecatedSince>
					<class>com.rapidminer.operator.io.SimpleExampleSource</class>
					<replaces>SimpleExampleSource</replaces>
				</operator>
				<operator>
					<key>multicriteriondecisionstump</key>
					<deprecatedSince>5.0</deprecatedSince>
					<class>com.rapidminer.operator.learner.tree.MultiCriterionDecisionStumps
					</class>
					<replaces>MultiCriterionDecisionStump</replaces>
				</operator>
				<operator>
					<key>weightedbootstrapping</key>
					<deprecatedSince>5.0</deprecatedSince>
					<class>com.rapidminer.operator.preprocessing.sampling.WeightedBootstrapping
					</class>
					<replaces>WeightedBootstrapping</replaces>
				</operator>
				<operator>
					<key>weightedbootstrappingvalidation</key>
					<deprecatedSince>5.0</deprecatedSince>
					<class>com.rapidminer.operator.validation.WeightedBootstrappingValidation
					</class>
					<replaces>WeightedBootstrappingValidation</replaces>
				</operator>
				<operator>
					<key>absolutesplitchain</key>
					<deprecatedSince>5.0</deprecatedSince>
					<class>com.rapidminer.operator.meta.AbsoluteSplitChain</class>
					<replaces>AbsoluteSplitChain</replaces>
				</operator>
				<operator>
					<key>iocontainerreader</key>
					<class>com.rapidminer.operator.io.IOContainerReader</class>
					<deprecatedSince>5.0</deprecatedSince>
					<replaces>IOContainerReader</replaces>
				</operator>
				<operator>
					<key>exampleset2clustermodel</key>
					<deprecatedSince>5.0</deprecatedSince>
					<class>com.rapidminer.operator.clustering.clusterer.ExampleSet2ClusterModel
					</class>
					<replaces>ExampleSet2ClusterModel</replaces>
				</operator>
				<operator>
					<key>apply_cluster_model</key>
					<deprecatedSince>5.0</deprecatedSince>
					<class>com.rapidminer.operator.clustering.ClusterModel2ExampleSet
					</class>
					<replaces>ClusterModel2ExampleSet</replaces>
				</operator>
				<operator>
					<key>missingvaluereplenishmentview</key>
					<deprecatedSince>5.0</deprecatedSince>
					<class>com.rapidminer.operator.preprocessing.filter.MissingValueReplenishmentView
					</class>
					<replaces>MissingValueReplenishmentView</replaces>
				</operator>
			</group>
			<group key="useless">
				<operator>
					<key>iocontainerwriter</key>
					<class>com.rapidminer.operator.io.IOContainerWriter</class>
					<deprecatedSince>5.0</deprecatedSince>
					<replaces>IOContainerWriter</replaces>
				</operator>
				<operator>
					<key>ioconsumer</key>
					<class>com.rapidminer.operator.IOConsumeOperator</class>
					<deprecatedSince>5.0</deprecatedSince>
					<replaces>IOConsumer</replaces>
				</operator>
				<operator>
					<key>ioselector</key>
					<class>com.rapidminer.operator.IOSelectOperator</class>
					<deprecatedSince>5.0</deprecatedSince>
					<replaces>IOSelector</replaces>
				</operator>
				<operator>
					<key>iomultiplier</key>
					<class>com.rapidminer.operator.IOMultiplyOperator</class>
					<replaces>IOMultiplier</replaces>
				</operator>
			</group>
			<group key="deleted">
				<operator>
					<key>pca</key>
					<class>com.rapidminer.operator.features.transformation.PCA</class>
					<replaces>PCA</replaces>
					<deprecatedSince>5.0</deprecatedSince>
				</operator>
				<operator>
					<key>basicrulelearner</key>
					<class>com.rapidminer.operator.learner.rules.SimpleRuleLearner
					</class>
					<replaces>BasicRuleLearner</replaces>
					<deprecatedSince>5.0</deprecatedSince>
				</operator>
				<operator>
					<key>neuralnetsimple</key>
					<class>com.rapidminer.operator.learner.functions.neuralnet.SimpleNeuralNetLearner
					</class>
					<deprecatedSince>5.0</deprecatedSince>
					<replaces>NeuralNetSimple</replaces>
					<deprecatedSince>5.0</deprecatedSince>
				</operator>
				<operator>
					<key>id3numerical</key>
					<class>com.rapidminer.operator.learner.tree.ID3NumericalLearner
					</class>
					<replaces>ID3Numerical</replaces>
					<deprecatedSince>5.0</deprecatedSince>
				</operator>
				<operator>
					<key>rocchart</key>
					<class>com.rapidminer.operator.visualization.ROCChartGenerator
					</class>
					<replaces>ROCChart</replaces>
					<deprecatedSince>5.0</deprecatedSince>
				</operator>
				<operator>
					<key>logisticregression</key>
					<class>com.rapidminer.operator.learner.functions.LogisticRegression
					</class>
					<replaces>LogisticRegression</replaces>
					<deprecatedSince>5.0</deprecatedSince>
				</operator>
				<operator>
					<key>groupby</key>
					<class>com.rapidminer.operator.preprocessing.GroupByOperator
					</class>
					<replaces>GroupBy</replaces>
					<deprecatedSince>5.0</deprecatedSince>
				</operator>
				<operator>
					<key>neuralnet</key>
					<class>com.rapidminer.operator.learner.functions.neuralnet.NeuralNetLearner
					</class>
					<deprecatedSince>5.0</deprecatedSince>
					<replaces>NeuralNet</replaces>
				</operator>
				<operator>
					<key>performanceevaluator</key>
					<class>com.rapidminer.operator.performance.PerformanceEvaluator
					</class>
					<deprecatedSince>5.0</deprecatedSince>
					<replaces>PerformanceEvaluator</replaces>
				</operator>
				<operator>
					<key>datastatistics</key>
					<class>com.rapidminer.operator.visualization.DataStatisticsOperator
					</class>
					<replaces>DataStatistics</replaces>
					<deprecatedSince>5.0</deprecatedSince>
				</operator>
				<operator>
					<key>examplevisualizer</key>
					<class>com.rapidminer.operator.visualization.ExampleVisualizationOperator
					</class>
					<replaces>ExampleVisualizer</replaces>
					<deprecatedSince>5.0</deprecatedSince>
				</operator>
				<operator>
					<key>liftchart</key>
					<class>com.rapidminer.operator.visualization.LiftChartGenerator
					</class>
					<replaces>LiftChart</replaces>
					<deprecatedSince>5.0</deprecatedSince>
				</operator>
				<operator>
					<key>interactiveattributeweighting</key>
					<class>com.rapidminer.operator.features.weighting.InteractiveAttributeWeighting
					</class>
					<replaces>InteractiveAttributeWeighting</replaces>
					<deprecatedSince>5.0</deprecatedSince>
				</operator>
				<operator>
					<key>iteratinggss</key>
					<class>com.rapidminer.operator.learner.igss.IteratingGSS</class>
					<deprecatedSince>5.0</deprecatedSince>
					<replaces>IteratingGSS</replaces>
					<deprecatedSince>5.0</deprecatedSince>
				</operator>
			</group>
		</group>
		<group key="process_control">
		
			<operator>
				<key>remember</key>
				<class>com.rapidminer.operator.IOStorageOperator</class>
				<icon>data_down.png</icon>
				<replaces>IOStorer</replaces>
			</operator>
			<operator>
				<key>recall</key>
				<class>com.rapidminer.operator.IORetrievalOperator</class>
				<icon>data_up.png</icon>
				<replaces>IORetriever</replaces>
			</operator>
			<operator>
				<key>multiply</key>
				<class>com.rapidminer.operator.IOMultiplier</class>
				<icon>data_copy.png</icon>
				<replaces>IOMultiplier2</replaces>
			</operator>
			<operator>
				<key>join_paths</key>
				<class>com.rapidminer.operator.IOMerger</class>
				<icon>wrench.png</icon>
				<replaces>IOMerger</replaces>
			</operator>
			<operator>
				<key>handle_exception</key>
				<class>com.rapidminer.operator.meta.ExceptionHandling</class>
				<icon>band_aid.png</icon>
				<replaces>ErrorNeglector</replaces>
				<replaces>ExceptionHandling</replaces>
			</operator>
			<operator>
				<key>throw_exception</key>
				<class>com.rapidminer.operator.meta.ThrowExceptionOperator</class>
				<icon>error.png</icon>
			</operator>
			<group key="parameter">
				<icon>form_blue.png</icon>
				<operator>
					<key>set_parameters</key>
					<class>com.rapidminer.operator.meta.ParameterSetter</class>
					<replaces>ParameterSetter</replaces>
				</operator>
				<operator>
					<key>clone_parameters</key>
					<class>com.rapidminer.operator.meta.ParameterCloner</class>
					<replaces>ParameterCloner</replaces>
				</operator>
				<operator>
					<key>optimize_parameters_grid</key>
					<class>com.rapidminer.operator.meta.GridSearchParameterOptimizationOperator
					</class>
					<replaces>GridParameterOptimization</replaces>
				</operator>
				<operator>
					<key>optimize_parameters_quadratic</key>
					<class>com.rapidminer.operator.meta.QuadraticParameterOptimizationOperator
					</class>
					<replaces>QuadraticParameterOptimization</replaces>
				</operator>
				<operator>
					<key>optimize_parameters_evolutionary</key>
					<class>com.rapidminer.operator.meta.EvolutionaryParameterOptimizationOperator
					</class>
					<replaces>EvolutionaryParameterOptimization</replaces>
				</operator>
			</group>
			<group key="loop">
				<icon>refresh.png</icon>
				<operator>
					<key>loop</key>
					<class>com.rapidminer.operator.meta.IteratingOperatorChain</class>
					<replaces>IteratingOperatorChain</replaces>
				</operator>
				<operator>
					<key>loop_attributes</key>
					<class>com.rapidminer.operator.meta.FeatureIterator</class>
					<replaces>FeatureIterator</replaces>
				</operator>
				<operator>
					<key>loop_labels</key>
					<class>com.rapidminer.operator.meta.MultipleLabelIterator</class>
					<replaces>MultipleLabelIterator</replaces>
				</operator>
				<operator>
					<key>loop_attribute_subsets</key>
					<class>com.rapidminer.operator.meta.FeatureSubsetIteration</class>
					<replaces>FeatureSubsetIteration</replaces>
				</operator>
				<operator>
					<key>loop_values</key>
					<class>com.rapidminer.operator.meta.ValueIteration</class>
					<replaces>ValueIterator</replaces>
				</operator>
				<operator>
					<key>loop_examples</key>
					<class>com.rapidminer.operator.meta.ExampleIterator</class>
					<replaces>ExampleIterator</replaces>
				</operator>
				<operator>
					<key>loop_clusters</key>
					<class>com.rapidminer.operator.meta.ClusterIterator</class>
					<replaces>ClusterIteration</replaces>
				</operator>
				<operator>
					<key>loop_batches</key>
					<class>com.rapidminer.operator.meta.BatchProcessing</class>
					<replaces>BatchProcessing</replaces>
				</operator>
				<operator>
					<key>loop_data_sets</key>
					<class>com.rapidminer.operator.meta.ExampleSetIterator</class>
					<replaces>ExampleSetIterator</replaces>
				</operator>
				<operator>
					<key>loop_data_fractions</key>
					<class>com.rapidminer.operator.meta.PartialExampleSetLearner
					</class>
					<replaces>PartialExampleSetLearner</replaces>
				</operator>
				<operator>
					<key>create_learning_curve</key>
					<class>com.rapidminer.operator.meta.LearningCurveOperator</class>
					<replaces>LearningCurve</replaces>
				</operator>
				<operator>
					<key>loop_and_average</key>
					<class>com.rapidminer.operator.validation.IteratingPerformanceAverage
					</class>
					<replaces>IteratingPerformanceAverage</replaces>
				</operator>
				<operator>
					<key>loop_and_deliver_best</key>
					<class>com.rapidminer.operator.meta.RandomOptimizationChain</class>
					<replaces>RandomOptimizer</replaces>
				</operator>
				<operator>
					<key>loop_until</key>
					<class>com.rapidminer.operator.meta.RepeatUntilOperatorChain
					</class>
					<replaces>RepeatUntilOperatorChain</replaces>
				</operator>
				<operator>
					<key>loop_parameters</key>
					<class>com.rapidminer.operator.meta.ParameterIteration</class>
					<replaces>ParameterIteration</replaces>
				</operator>
				<operator>
					<key>loop_files</key>
					<class>com.rapidminer.operator.meta.FileIterator</class>
					<replaces>DirectoryIterator</replaces>
					<replaces>FileIterator</replaces>
				</operator>
				<operator>
					<key>loop_repository</key>
					<class>com.rapidminer.operator.meta.RepositoryIterator</class>
				</operator>
				<operator>
					<key>loop_zipfile_entries</key>
					<class>com.rapidminer.operator.meta.ZippedFileIterator</class>
				</operator>
				<operator>
					<key>x_prediction</key>
					<class>com.rapidminer.operator.meta.XVPrediction</class>
					<replaces>XVPrediction</replaces>
				</operator>
			</group>
			<group key="branch">
				<icon>branch.png</icon>
				<operator>
					<key>branch</key>
					<class>com.rapidminer.operator.meta.branch.ProcessBranch</class>
					<replaces>ProcessBranch</replaces>
				</operator>
				<operator>
					<key>select_subprocess</key>
					<class>com.rapidminer.operator.meta.OperatorSelector</class>
					<replaces>OperatorSelector</replaces>
				</operator>
			</group>
			<group key="collections">
				<icon>memory.png</icon>
				<operator>
					<key>collect</key>
					<class>com.rapidminer.operator.collections.CollectionOperator
					</class>
					<replaces>Collector</replaces>
				</operator>
				<operator>
					<key>select</key>
					<class>com.rapidminer.operator.collections.SelectionOperator
					</class>
					<replaces>Selector</replaces>
				</operator>
				<operator>
					<key>loop_collection</key>
					<class>com.rapidminer.operator.collections.CollectionIterationOperator
					</class>
					<replaces>CollectionIterator</replaces>
				</operator>
				<operator>
					<key>average</key>
					<class>com.rapidminer.operator.meta.AverageBuilder</class>
					<replaces>AverageBuilder</replaces>
				</operator>
				<operator>
					<key>flatten_collection</key>
					<class>com.rapidminer.operator.collections.UnfoldOperator</class>
					<replaces>Unfold</replaces>
				</operator>
			</group>
		</group>
		<group key="utility">
			<operator>
				<key>subprocess</key>
				<class>com.rapidminer.operator.SimpleOperatorChain</class>
				<icon>elements_selection.png</icon>
				<replaces>OperatorChain</replaces>
			</operator>
			<group key="macros">
				<icon>keyboard_key.png</icon>
				<operator>
					<key>set_macro</key>
					<class>com.rapidminer.operator.SingleMacroDefinitionOperator
					</class>
					<replaces>SingleMacroDefinition</replaces>
				</operator>
				<operator>
					<key>set_macros</key>
					<class>com.rapidminer.operator.MacroDefinitionOperator</class>
					<replaces>MacroDefinition</replaces>
				</operator>
				<operator>
					<key>generate_macro</key>
					<class>com.rapidminer.operator.MacroConstructionOperator</class>
					<replaces>MacroConstruction</replaces>
				</operator>
				<operator>
					<key>extract_macro</key>
					<class>com.rapidminer.operator.DataMacroDefinitionOperator</class>
					<replaces>DataMacroDefinition</replaces>
				</operator>
				<operator>
					<key>unset_macro</key>
					<class>com.rapidminer.operator.macros.UnsetMacroOperator</class>
				</operator>
			</group>
			<group key="logging">
				<icon>data_scroll.png</icon>
				<operator>
					<key>log</key>
					<class>com.rapidminer.operator.visualization.ProcessLogOperator
					</class>
					<replaces>ProcessLog</replaces>
				</operator>
				<operator>
					<key>clear_log</key>
					<class>com.rapidminer.operator.visualization.ClearProcessLog
					</class>
					<replaces>ClearProcessLog</replaces>
				</operator>
				<operator>
					<key>extract_log_value</key>
					<class>com.rapidminer.operator.visualization.Data2Log</class>
					<replaces>Data2Log</replaces>
				</operator>
				<operator>
					<key>provide_macro_as_log_value</key>
					<class>com.rapidminer.operator.visualization.Macro2Log</class>
					<replaces>Macro2Log</replaces>
				</operator>
				<operator>
					<key>log_to_weights</key>
					<class>com.rapidminer.operator.features.weighting.ProcessLog2AttributeWeights
					</class>
					<replaces>ProcessLog2AttributeWeights</replaces>
				</operator>
				<operator>
					<key>log_to_data</key>
					<class>com.rapidminer.operator.visualization.ProcessLog2ExampleSet
					</class>
					<replaces>ProcessLog2ExampleSet</replaces>
				</operator>
				<operator>
					<key>print_to_console</key>
					<class>com.rapidminer.operator.tools.ConsolePrintOperator</class>
				</operator>
			</group>
			<group key="execution">
				<icon>console.png</icon>
				<operator>
					<key>execute_process</key>
					<class>com.rapidminer.operator.meta.ProcessEmbeddingOperator
					</class>
					<replaces>ProcessEmbedder</replaces>
				</operator>
				<operator>
					<key>execute_script</key>
					<class>com.rapidminer.operator.ScriptingOperator</class>
					<replaces>Script</replaces>
				</operator>
				<operator>
					<key>execute_sql</key>
					<class>com.rapidminer.operator.SQLExecution</class>
					<replaces>SQLExecution</replaces>
				</operator>
				<operator>
					<key>execute_program</key>
					<class>com.rapidminer.operator.CommandLineOperator</class>
					<replaces>CommandLineOperator</replaces>
				</operator>
			</group>
			<group key="files">
				<icon>floppy_disk.png</icon>
				<operator>
					<key>open_file</key>
					<class>com.rapidminer.operator.nio.file.LoadFileOperator</class>
				</operator>
				<operator>
					<key>write_file</key>
					<class>com.rapidminer.operator.nio.file.WriteFileOperator</class>
				</operator>

				<operator>
					<key>write_message</key>
					<class>com.rapidminer.operator.FileEchoOperator</class>
					<replaces>FileEcho</replaces>
				</operator>
				<operator>
					<key>write_as_text</key>
					<class>com.rapidminer.operator.io.ResultWriter</class>
					<replaces>ResultWriter</replaces>
				</operator>
				<operator>
					<key>copy_file</key>
					<class>com.rapidminer.operator.filesystem.CopyFileOperator</class>
				</operator>
				<operator>
					<key>rename_file</key>
					<class>com.rapidminer.operator.filesystem.RenameFileOperator</class>
				</operator>
				<operator>
					<key>delete_file</key>
					<class>com.rapidminer.operator.filesystem.DeleteFileOperator</class>
				</operator>
				<operator>
					<key>move_file</key>
					<class>com.rapidminer.operator.filesystem.MoveFileOperator</class>
				</operator>
				<operator>
					<key>create_directory</key>
					<class>com.rapidminer.operator.filesystem.CreateDirectoryOperator</class>
				</operator>
				<operator>
					<key>create_archive_file</key>
					<icon>box_new.png</icon>
					<class>com.rapidminer.operator.nio.file.compression.CreateArchiveFileOperator
					</class>
				</operator>
				<operator>
					<key>add_entry_to_archive_file</key>
					<icon>box_into.png</icon>
					<class>com.rapidminer.operator.nio.file.compression.AddEntryToArchiveFile</class>
				</operator>
			</group>
			
			<group key="data_generation">
				<icon>data_new.png</icon>
				<operator>
					<key>generate_data</key>
					<class>com.rapidminer.operator.generator.ExampleSetGenerator
					</class>
					<replaces>ExampleSetGenerator</replaces>
				</operator>
				<operator>
					<key>generate_data_user_specification</key>
					<class>com.rapidminer.operator.generator.UserSpecificationDataGenerator
					</class>
				</operator>
				<operator>
					<key>generate_nominal_data</key>
					<class>com.rapidminer.operator.generator.NominalExampleSetGenerator
					</class>
					<replaces>NominalExampleSetGenerator</replaces>
				</operator>
				<operator>
					<key>generate_multi_label_data</key>
					<class>com.rapidminer.operator.generator.MultipleLabelGenerator
					</class>
					<replaces>MultipleLabelGenerator</replaces>
				</operator>
				<operator>
					<key>generate_massive_data</key>
					<class>com.rapidminer.operator.generator.MassiveDataGenerator
					</class>
					<replaces>MassiveDataGenerator</replaces>
				</operator>
				<operator>
					<key>generate_direct_mailing_data</key>
					<class>com.rapidminer.operator.generator.DirectMailingExampleSetGenerator
					</class>
					<replaces>DirectMailingExampleSetGenerator</replaces>
				</operator>
				<operator>
					<key>generate_churn_data</key>
					<class>com.rapidminer.operator.generator.ChurnReductionExampleSetGenerator
					</class>
					<replaces>ChurnReductionExampleSetGenerator</replaces>
				</operator>
				<operator>
					<key>generate_up_selling_data</key>
					<class>com.rapidminer.operator.generator.UpSellingExampleSetGenerator
					</class>
					<replaces>UpSellingExampleSetGenerator</replaces>
				</operator>
				<operator>
					<key>generate_sales_data</key>
					<class>com.rapidminer.operator.generator.SalesExampleSetGenerator
					</class>
					<replaces>SalesExampleSetGenerator</replaces>
				</operator>
				<operator>
					<key>generate_team_profit_data</key>
					<class>com.rapidminer.operator.generator.TeamProfitExampleSetGenerator
					</class>
					<replaces>TeamProfitExampleSetGenerator</replaces>
				</operator>
				<operator>
					<key>generate_transfer_data</key>
					<class>com.rapidminer.operator.generator.TransfersExampleSetGenerator
					</class>
					<replaces>TransfersExampleSetGenerator</replaces>
				</operator>
				<operator>
					<key>generate_transaction_data</key>
					<class>com.rapidminer.operator.generator.TransactionClustersExampleSetGenerator
					</class>
				</operator>
				<operator>
					<key>add_noise</key>
					<class>com.rapidminer.operator.preprocessing.NoiseOperator</class>
					<replaces>NoiseGenerator</replaces>
				</operator>
			</group>
			<group key="annotations">
				<icon>bookmark_blue.png</icon>
				<operator>
					<key>annotate</key>
					<class>com.rapidminer.operator.util.annotations.AnnotateOperator</class>
					<icon>bookmark_blue_edit.png</icon>
				</operator>
				<operator>
					<key>extract_macro_from_annotation</key>
					<class>com.rapidminer.operator.util.annotations.ExtractAnnotation</class>
					<icon>keyboard_key.png</icon>
				</operator>
				<operator>
					<key>annotations_to_data</key>
					<class>com.rapidminer.operator.util.annotations.AnnotationsToData</class>
					<icon>bookmark_blue_up.png</icon>
				</operator>
				<operator>
					<key>data_to_annotations</key>
					<class>com.rapidminer.operator.util.annotations.DataToAnnotations</class>
					<icon>bookmarks.png</icon>
				</operator>
			</group>
			
			<group key="misc">
				<icon>wrench.png</icon>
				<operator>
					<key>send_mail</key>
					<class>com.rapidminer.operator.tools.SendMailOperator</class>
					<icon>mail.png</icon>
				</operator>
				<operator>
					<key>delay</key>
					<class>com.rapidminer.operator.tools.DelayOperator</class>
					<icon>hourglass.png</icon>
				</operator>
				<operator>
					<key>obfuscate</key>
					<class>com.rapidminer.operator.preprocessing.Obfuscator</class>
					<replaces>Obfuscator</replaces>
				</operator>
				<operator>
					<key>de_obfuscate</key>
					<class>com.rapidminer.operator.preprocessing.Deobfuscator</class>
					<replaces>DeObfuscator</replaces>
				</operator>
				<operator>
					<key>register_visualization_from_database</key>
					<class>com.rapidminer.operator.visualization.DatabaseExampleVisualizationOperator
					</class>
					<replaces>DatabaseExampleVisualizer</replaces>
				</operator>
				<operator>
					<key>materialize_data</key>
					<class>com.rapidminer.operator.preprocessing.MaterializeDataInMemory
					</class>
					<replaces>MaterializeDataInMemory</replaces>
				</operator>
				<operator>
					<key>free_memory</key>
					<class>com.rapidminer.operator.MemoryCleanUp</class>
					<replaces>MemoryCleanUp</replaces>
				</operator>
			</group>
		</group>
		<group key="repository_access">
			<operator>
				<key>retrieve</key>
				<class>com.rapidminer.operator.io.RepositorySource</class>
				<icon>data_into.png</icon>
				<replaces>RepositorySource</replaces>
			</operator>
			<operator>
				<key>store</key>
				<class>com.rapidminer.operator.io.RepositoryStorer</class>
				<icon>data_out.png</icon>
				<replaces>RepositoryStorer</replaces>
			</operator>
			<operator>
				<key>move_repository_entry</key>
				<class>com.rapidminer.operator.repository.RepositoryEntryMoveOperator
				</class>
				<icon>data_out.png</icon>
			</operator>
			<operator>
				<key>copy_repository_entry</key>
				<class>com.rapidminer.operator.repository.RepositoryEntryCopyOperator
				</class>
				<icon>data_copy.png</icon>
			</operator>
			<operator>
				<key>delete_repository_entry</key>
				<class>com.rapidminer.operator.repository.RepositoryEntryDeleteOperator
				</class>
				<icon>data_delete.png</icon>
			</operator>
			<operator>
				<key>rename_repository_entry</key>
				<class>com.rapidminer.operator.repository.RepositoryEntryRenameOperator
				</class>
				<icon>data_edit.png</icon>
			</operator>
		</group>
		<group key="import">
			<icon>import.png</icon>
			<operator>
				<key>read</key>
				<class>com.rapidminer.operator.io.IOObjectReader</class>
				<replaces>IOObjectReader</replaces>
			</operator>
			<group key="data">
				<operator>
					<key>read_csv</key>
					<class>com.rapidminer.operator.nio.CSVExampleSource</class>
					<!-- class>com.rapidminer.operator.io.CSVDataReader</class -->
					<replaces>CSVExampleSource</replaces>
				</operator>
				<operator>
					<key>read_excel</key>
					<class>com.rapidminer.operator.nio.ExcelExampleSource</class>
					<!-- class>com.rapidminer.operator.io.ExcelExampleSource</class -->
					<replaces>ExcelExampleSource</replaces>
				</operator>
				<operator>
					<key>read_excel_format</key>
					<class>com.rapidminer.operator.nio.ExcelFormatExampleSource</class>
				</operator>
				<operator>
					<key>read_xml</key>
					<class>com.rapidminer.operator.nio.xml.XMLExampleSource</class>
				</operator>
				<operator>
					<key>read_sas</key>
					<class>com.rapidminer.operator.nio.SASExampleSource</class>
				</operator>
				<!-- <operator> <key>read_excel_new</key> <class>com.rapidminer.operator.nio.ExcelExampleSource</class> 
					</operator> <operator> <key>read_csv_new</key> <class>com.rapidminer.operator.nio.CSVExampleSource</class> 
					</operator> -->
				<operator>
					<key>read_access</key>
					<class>com.rapidminer.operator.io.AccessDataReader</class>
					<replaces>AccessExampleSource</replaces>
				</operator>
				<operator>
					<key>read_aml</key>
					<class>com.rapidminer.operator.io.ExampleSource</class>
					<replaces>ExampleSource</replaces>
				</operator>
				<operator>
					<key>read_arff</key>
					<class>com.rapidminer.operator.io.ArffExampleSource</class>
					<replaces>ArffExampleSource</replaces>
				</operator>
				<operator>
					<key>read_xrff</key>
					<class>com.rapidminer.operator.io.XrffExampleSource</class>
					<replaces>XrffExampleSource</replaces>
				</operator>
				<operator>
					<key>read_database</key>
					<class>com.rapidminer.operator.io.DatabaseDataReader</class>
					<replaces>DatabaseExampleSource</replaces>
				</operator>
				<operator>
					<key>stream_database</key>
					<class>com.rapidminer.operator.io.CachedDatabaseExampleSource
					</class>
					<replaces>CachedDatabaseExampleSource</replaces>
				</operator>
				<operator>
					<key>read_spss</key>
					<class>com.rapidminer.operator.io.SPSSExampleSource</class>
					<replaces>SPSSExampleSource</replaces>
				</operator>
				<operator>
					<key>read_stata</key>
					<class>com.rapidminer.operator.io.StataExampleSource</class>
					<replaces>StataExampleSource</replaces>
				</operator>
				<operator>
					<key>read_sparse</key>
					<class>com.rapidminer.operator.io.SparseFormatExampleSource</class>
					<replaces>SparseFormatExampleSource</replaces>
				</operator>
				<operator>
					<key>read_dbase</key>
					<class>com.rapidminer.operator.io.DBaseExampleSource</class>
					<replaces>DBaseExampleSource</replaces>
				</operator>
				<operator>
					<key>read_c4.5</key>
					<class>com.rapidminer.operator.io.C45ExampleSource</class>
					<replaces>C45ExampleSource</replaces>
				</operator>
				<operator>
					<key>read_bibtex</key>
					<class>com.rapidminer.operator.io.BibtexExampleSource</class>
					<replaces>BibtexExampleSource</replaces>
				</operator>
				<operator>
					<key>read_dasylab</key>
					<class>com.rapidminer.operator.io.DasyLabDataReader</class>
					<replaces>DasyLabExampleSource</replaces>
				</operator>
				<operator>
					<key>read_url</key>
					<class>com.rapidminer.operator.io.URLExampleSource</class>
					<replaces>URLExampleSource</replaces>
					<deprecatedSince>5.0</deprecatedSince>
				</operator>
			</group>
			<group key="models">
				<operator>
					<key>read_model</key>
					<class>com.rapidminer.operator.io.ModelLoader</class>
					<replaces>ModelLoader</replaces>
				</operator>
				<operator>
					<key>read_clustering</key>
					<class>com.rapidminer.operator.io.ClusterModelReader</class>
					<replaces>ClusterModelReader</replaces>
				</operator>
			</group>
			<group key="attributes">
				<operator>
					<key>read_weights</key>
					<class>com.rapidminer.operator.io.AttributeWeightsLoader</class>
					<replaces>AttributeWeightsLoader</replaces>
				</operator>
				<operator>
					<key>read_constructions</key>
					<class>com.rapidminer.operator.io.AttributeConstructionsLoader
					</class>
					<replaces>AttributeConstructionsLoader</replaces>
				</operator>
			</group>
			<group key="results">
				<operator>
					<key>read_performance</key>
					<class>com.rapidminer.operator.io.PerformanceLoader</class>
					<replaces>PerformanceLoader</replaces>
				</operator>
			</group>
			<group key="other">
				<operator>
					<key>read_parameters</key>
					<class>com.rapidminer.operator.io.ParameterSetLoader</class>
					<replaces>ParameterSetLoader</replaces>
				</operator>
				<operator>
					<key>read_threshold</key>
					<class>com.rapidminer.operator.io.ThresholdLoader</class>
					<replaces>ThresholdLoader</replaces>
				</operator>
			</group>
		</group>
		<group key="export">
			<icon>export2.png</icon>
			<operator>
				<key>write</key>
				<class>com.rapidminer.operator.io.IOObjectWriter</class>
				<replaces>IOObjectWriter</replaces>
			</operator>
			<group key="data">
				<operator>
					<key>write_csv</key>
					<class>com.rapidminer.operator.io.CSVExampleSetWriter</class>
					<replaces>CSVExampleSetWriter</replaces>
				</operator>
				<operator>
					<key>write_excel</key>
					<class>com.rapidminer.operator.io.ExcelExampleSetWriter</class>
					<replaces>ExcelExampleSetWriter</replaces>
				</operator>
				<operator>
					<key>write_access</key>
					<class>com.rapidminer.operator.io.AccessDataWriter</class>
				</operator>
				<operator>
					<key>write_aml</key>
					<class>com.rapidminer.operator.io.ExampleSetWriter</class>
					<replaces>ExampleSetWriter</replaces>
				</operator>
				<operator>
					<key>write_arff</key>
					<class>com.rapidminer.operator.io.ArffExampleSetWriter</class>
					<replaces>ArffExampleSetWriter</replaces>
				</operator>
				<operator>
					<key>write_xrff</key>
					<class>com.rapidminer.operator.io.XrffExampleSetWriter</class>
					<replaces>XrffExampleSetWriter</replaces>
				</operator>
				<operator>
					<key>write_database</key>
					<class>com.rapidminer.operator.io.DatabaseExampleSetWriter</class>
					<replaces>DatabaseExampleSetWriter</replaces>
				</operator>
				<operator>
					<key>update_database</key>
					<class>com.rapidminer.operator.io.DatabaseExampleSetUpdater</class>
				</operator>
				<operator>
					<key>write_special</key>
					<class>com.rapidminer.operator.io.SpecialFormatExampleSetWriter
					</class>
				</operator>
			</group>
			<group key="models">
				<operator>
					<key>write_model</key>
					<class>com.rapidminer.operator.io.ModelWriter</class>
					<replaces>ModelWriter</replaces>
				</operator>
				<operator>
					<key>write_clustering</key>
					<class>com.rapidminer.operator.io.ClusterModelWriter</class>
					<replaces>ClusterModelWriter</replaces>
				</operator>
			</group>
			<group key="attributes">
				<operator>
					<key>write_weights</key>
					<class>com.rapidminer.operator.io.AttributeWeightsWriter</class>
					<replaces>AttributeWeightsWriter</replaces>
				</operator>
				<operator>
					<key>write_constructions</key>
					<class>com.rapidminer.operator.io.AttributeConstructionsWriter
					</class>
					<replaces>AttributeConstructionsWriter</replaces>
				</operator>
			</group>
			<group key="results">
				<operator>
					<key>write_performance</key>
					<class>com.rapidminer.operator.io.PerformanceWriter</class>
					<replaces>PerformanceWriter</replaces>
				</operator>
			</group>
			<group key="other">
				<operator>
					<key>write_parameters</key>
					<class>com.rapidminer.operator.io.ParameterSetWriter</class>
					<replaces>ParameterSetWriter</replaces>
				</operator>
				<operator>
					<key>write_threshold</key>
					<class>com.rapidminer.operator.io.ThresholdWriter</class>
					<replaces>ThresholdWriter</replaces>
				</operator>
				<operator>
					<key>write_gnuplot</key>
					<class>com.rapidminer.operator.io.GNUPlotOperator</class>
					<replaces>GnuplotWriter</replaces>
				</operator>
			</group>
		</group>
		<group key="data_transformation">
			<group key="name_and_role_modification">
				<icon>table_column_edit.png</icon>
				<operator>
					<key>rename</key>
					<class>com.rapidminer.operator.preprocessing.filter.ChangeAttributeName
					</class>
					<replaces>ChangeAttributeName</replaces>
				</operator>
				<operator>
					<key>rename_by_replacing</key>
					<class>com.rapidminer.operator.preprocessing.filter.ChangeAttributeNamesReplace
					</class>
					<replaces>ChangeAttributeNamesReplace</replaces>
				</operator>
				<operator>
					<key>rename_by_generic_names</key>
					<class>com.rapidminer.operator.preprocessing.filter.ChangeAttributeNames2Generic
					</class>
					<replaces>ChangeAttributeNames2Generic</replaces>
				</operator>
				<operator>
					<key>rename_by_constructions</key>
					<class>com.rapidminer.operator.preprocessing.filter.Construction2Names
					</class>
					<replaces>Construction2Names</replaces>
				</operator>
				<operator>
					<key>rename_by_example_values</key>
					<class>com.rapidminer.operator.preprocessing.UseRowAsAttributeNames
					</class>
					<replaces>UseRowAsAttributeNames</replaces>
				</operator>
				<operator>
					<key>set_role</key>
					<class>com.rapidminer.operator.preprocessing.filter.ChangeAttributeRole
					</class>
					<replaces>ChangeAttributeType</replaces>
					<replaces>ChangeAttributeRole</replaces>
				</operator>
				<operator>
					<key>exchange_roles</key>
					<class>com.rapidminer.operator.preprocessing.filter.ExchangeAttributeRoles
					</class>
					<replaces>ExchangeAttributeRoles</replaces>
				</operator>
			</group>
			<group key="type_conversion">
				<icon>objects_transform.png</icon>
				<operator>
					<key>numerical_to_binominal</key>
					<class>com.rapidminer.operator.preprocessing.filter.NumericToBinominal
					</class>
					<replaces>Numeric2Binominal</replaces>
					<replaces>Numeric2Binary</replaces>
					<replaces>Numerical2Binominal</replaces>
				</operator>
				<operator>
					<key>numerical_to_polynominal</key>
					<class>com.rapidminer.operator.preprocessing.filter.NumericToPolynominal
					</class>
					<replaces>Numeric2Polynominal</replaces>
					<replaces>Numerical2Polynominal</replaces>
				</operator>
				<operator>
					<key>numerical_to_real</key>
					<class>com.rapidminer.operator.preprocessing.filter.Numerical2Real
					</class>
					<replaces>Numerical2Real</replaces>
				</operator>
				<operator>
					<key>numerical_to_date</key>
					<class>com.rapidminer.operator.preprocessing.filter.Numerical2Date
					</class>
				</operator>
				<operator>
					<key>real_to_integer</key>
					<class>com.rapidminer.operator.preprocessing.filter.Real2Integer
					</class>
					<replaces>Real2Integer</replaces>
				</operator>
				<operator>
			<operator>
				<key>loop_infinitely</key>
				<class>com.rapidminer.test.loop.LoopInfinitely</class>
			</operator>
					<key>nominal_to_binominal</key>
					<class>com.rapidminer.operator.preprocessing.filter.NominalToBinominal
					</class>
					<replaces>Nominal2Binary</replaces>
					<replaces>Nominal2Binominal</replaces>
				</operator>
				<operator>
					<key>nominal_to_text</key>
					<class>com.rapidminer.operator.preprocessing.filter.Nominal2String
					</class>
					<replaces>Nominal2String</replaces>
				</operator>
				<operator>
					<key>nominal_to_numerical</key>
					<class>com.rapidminer.operator.preprocessing.filter.NominalToNumeric
					</class>
					<replaces>Nominal2Numeric</replaces>
			<operator>
				<key>loop_infinitely</key>
				<class>com.rapidminer.test.loop.LoopInfinitely</class>
			</operator>
					<replaces>Attributes2RealValues</replaces>
					<replaces>Nominal2Numerical</replaces>
				</operator>
				<operator>
					<key>nominal_to_date</key>
					<class>com.rapidminer.operator.preprocessing.filter.Nominal2Date
					</class>
					<replaces>Nominal2Date</replaces>
				</operator>
				<operator>
					<key>text_to_nominal</key>
					<class>com.rapidminer.operator.preprocessing.filter.String2Nominal
					</class>
					<replaces>String2Nominal</replaces>
				</operator>
				<operator>
					<key>date_to_numerical</key>
			<operator>
				<key>loop_infinitely</key>
				<class>com.rapidminer.test.loop.LoopInfinitely</class>
			</operator>
					<class>com.rapidminer.operator.preprocessing.filter.Date2Numerical
					</class>
					<replaces>Date2Numerical</replaces>
				</operator>
				<operator>
					<key>date_to_nominal</key>
					<class>com.rapidminer.operator.preprocessing.filter.Date2Nominal
					</class>
					<replaces>Date2Nominal</replaces>
				</operator>
				<operator>
					<key>parse_numbers</key>
					<class>com.rapidminer.operator.preprocessing.filter.NominalNumbers2Numerical
					</class>
					<replaces>NominalNumbers2Numerical</replaces>
				</operator>
				<operator>
					<key>format_numbers</key>
					<class>com.rapidminer.operator.preprocessing.filter.NumericToFormattedNominal
					</class>
					<replaces>Numerical2FormattedNominal</replaces>
				</operator>
				<operator>
					<key>guess_types</key>
					<class>com.rapidminer.operator.preprocessing.GuessValueTypes
					</class>
					<replaces>GuessValueTypes</replaces>
				</operator>
				<group key="discretization">
					<operator>
						<key>discretize_by_size</key>
						<class>com.rapidminer.operator.preprocessing.discretization.AbsoluteDiscretization
						</class>
						<replaces>AbsoluteDiscretization</replaces>
					</operator>
					<operator>
						<key>discretize_by_bins</key>
						<class>com.rapidminer.operator.preprocessing.discretization.BinDiscretization
						</class>
						<replaces>BinDiscretization</replaces>
					</operator>
					<operator>
						<key>discretize_by_frequency</key>
						<class>com.rapidminer.operator.preprocessing.discretization.FrequencyDiscretization
						</class>
						<replaces>FrequencyDiscretization</replaces>
					</operator>
					<operator>
						<key>discretize_by_user_specification</key>
						<class>com.rapidminer.operator.preprocessing.discretization.UserBasedDiscretization
						</class>
						<replaces>UserBasedDiscretization</replaces>
					</operator>
					<operator>
						<key>discretize_by_entropy</key>
						<class>com.rapidminer.operator.preprocessing.discretization.MinimalEntropyDiscretization
						</class>
						<replaces>MinimalEntropyPartitioning</replaces>
					</operator>
				</group>
			</group>
			<group key="attribute_space_transformation">
				<group key="generation">
					<icon>table_column_add.png</icon>
					<operator>
						<key>generate_id</key>
						<class>com.rapidminer.operator.preprocessing.IdTagging</class>
						<replaces>IdTagging</replaces>
					</operator>
					<operator>
						<key>generate_weight_stratification</key>
						<class>com.rapidminer.operator.preprocessing.weighting.EqualLabelWeighting
						</class>
						<replaces>EqualLabelWeighting</replaces>
					</operator>
					<operator>
						<key>generate_weight_lpr</key>
						<class>com.rapidminer.operator.preprocessing.weighting.LocalPolynomialExampleWeightingOperator
						</class>
						<replaces>LocalPolynomialExampleWeighting</replaces>
					</operator>
					<operator>
						<key>generate_empty_attribute</key>
						<class>com.rapidminer.operator.preprocessing.filter.AttributeAdd
						</class>
						<replaces>AttributeAdd</replaces>
					</operator>
					<operator>
						<key>generate_copy</key>
						<class>com.rapidminer.operator.preprocessing.filter.AttributeCopy
						</class>
						<replaces>AttributeCopy</replaces>
					</operator>
					<operator>
						<key>generate_attributes</key>
						<class>com.rapidminer.operator.features.construction.AttributeConstruction
						</class>
						<replaces>FeatureGeneration</replaces>
						<replaces>AttributeConstruction</replaces>
					</operator>
					<operator>
						<key>generate_concatenation</key>
						<class>com.rapidminer.operator.preprocessing.filter.AttributeMerge
						</class>
						<replaces>AttributeMerge</replaces>
					</operator>
					<operator>
						<key>generate_aggregation</key>
						<class>com.rapidminer.operator.features.construction.AttributeAggregationOperator
						</class>
						<replaces>AttributeAggregation</replaces>
					</operator>
					<operator>
						<key>generate_absolutes</key>
						<class>com.rapidminer.operator.preprocessing.filter.AbsoluteValueFilter
						</class>
						<replaces>AbsoluteValues</replaces>
					</operator>
					<operator>
						<key>generate_products</key>
						<class>com.rapidminer.operator.features.construction.ProductGenerationOperator
						</class>
						<replaces>ProductAttributeGeneration</replaces>
					</operator>
					<operator>
						<key>generate_gaussians</key>
						<class>com.rapidminer.operator.features.construction.GaussFeatureConstructionOperator
						</class>
						<replaces>GaussAttributeGeneration</replaces>
					</operator>
					<operator>
						<key>generate_function_set</key>
						<class>com.rapidminer.operator.features.construction.CompleteFeatureGenerationOperator
						</class>
						<replaces>CompleteFeatureGeneration</replaces>
					</operator>
					<operator>
						<key>generate_tfidf</key>
						<class>com.rapidminer.operator.preprocessing.filter.TFIDFFilter
						</class>
						<replaces>TFIDFFilter</replaces>
					</operator>
					<operator>
						<key>generate_item_set_indicators</key>
						<class>com.rapidminer.operator.learner.associations.FrequentItemSetAttributeCreator
						</class>
						<replaces>FrequentItemSetAttributeCreator</replaces>
					</operator>
					<group key="optimization">
						<operator>
							<key>optimize_by_generation_evolutionary_aggregation</key>
							<class>com.rapidminer.operator.features.aggregation.EvolutionaryFeatureAggregation
							</class>
							<replaces>EvolutionaryAttributeAggregation</replaces>
						</operator>
						<operator>
							<key>optimize_by_generation_gga</key>
							<class>com.rapidminer.operator.features.construction.GeneratingGeneticAlgorithm
							</class>
							<replaces>GeneratingGeneticAlgorithm</replaces>
						</operator>
						<operator>
							<key>optimize_by_generation_aga</key>
							<class>com.rapidminer.operator.features.construction.AGA</class>
							<replaces>AGA</replaces>
						</operator>
						<operator>
							<key>optimize_by_generation_yagga</key>
							<class>com.rapidminer.operator.features.construction.YAGGA
							</class>
							<replaces>YAGGA</replaces>
						</operator>
						<operator>
							<key>optimize_by_generation_yagga2</key>
							<class>com.rapidminer.operator.features.construction.YAGGA2
							</class>
							<replaces>YAGGA2</replaces>
						</operator>
					</group>
				</group>
				<group key="transformation">
					<icon>table_column_replace.png</icon>
					<operator>
						<key>principal_component_analysis</key>
						<class>com.rapidminer.operator.features.transformation.PCA</class>
						<replaces>PrincipalComponentsGenerator</replaces>
					</operator>
					<operator>
						<key>principal_component_analysis_kernel</key>
						<class>com.rapidminer.operator.features.transformation.KernelPCA
						</class>
						<replaces>KernelPCA</replaces>
					</operator>
					<operator>
						<key>independent_component_analysis</key>
						<class>com.rapidminer.operator.features.transformation.FastICA
						</class>
						<replaces>FastICA</replaces>
					</operator>
					<operator>
						<key>generalized_hebbian_algorithm</key>
						<class>com.rapidminer.operator.features.transformation.GHA</class>
						<replaces>GHA</replaces>
					</operator>
					<operator>
						<key>singular_value_decomposition</key>
						<class>com.rapidminer.operator.features.transformation.SVDReduction
						</class>
						<replaces>SVDReduction</replaces>
					</operator>
					<operator>
						<key>self_organizing_map</key>
						<class>com.rapidminer.operator.features.transformation.SOMDimensionalityReduction
						</class>
						<replaces>SOMDimensionalityReduction</replaces>
					</operator>
					<operator>
						<key>fourier_transformation</key>
						<class>com.rapidminer.operator.features.transformation.FourierTransform
						</class>
						<replaces>FourierTransform</replaces>
					</operator>
				</group>
				<group key="selection">
					<icon>table_column_delete.png</icon>
					<operator>
						<key>order_attributes</key>
						<class>com.rapidminer.operator.preprocessing.filter.attributes.AttributeOrderingOperator
						</class>
					</operator>
					<operator>
						<key>select_attributes</key>
						<class>com.rapidminer.operator.preprocessing.filter.attributes.AttributeFilter
						</class>
						<replaces>AttributeFilter</replaces>
					</operator>
					<operator>
						<key>select_by_weights</key>
						<class>com.rapidminer.operator.features.selection.AttributeWeightSelection
						</class>
						<replaces>AttributeWeightSelection</replaces>
					</operator>
					<operator>
						<key>select_by_random</key>
						<class>com.rapidminer.operator.features.selection.RandomSelection
						</class>
						<replaces>RandomSelection</replaces>
					</operator>
					<operator>
						<key>remove_attribute_range</key>
						<class>com.rapidminer.operator.preprocessing.filter.FeatureRangeRemoval
						</class>
						<replaces>FeatureRangeRemoval</replaces>
					</operator>
					<operator>
						<key>remove_useless_attributes</key>
						<class>com.rapidminer.operator.features.selection.RemoveUselessFeatures
						</class>
						<replaces>RemoveUselessAttributes</replaces>
					</operator>
					<operator>
						<key>remove_correlated_attributes</key>
						<class>com.rapidminer.operator.features.selection.RemoveCorrelatedFeatures
						</class>
						<replaces>RemoveCorrelatedFeatures</replaces>
					</operator>
					<operator>
						<key>work_on_subset</key>
						<class>com.rapidminer.operator.preprocessing.AttributeSubsetPreprocessing
						</class>
						<replaces>AttributeSubsetPreprocessing</replaces>
					</operator>
					<group key="optimization">
						<operator>
							<key>optimize_selection_forward</key>
							<class>com.rapidminer.operator.features.selection.ForwardAttributeSelectionOperator
							</class>
							<replaces>AdvancedForwardSelection</replaces>
						</operator>
						<operator>
							<key>optimize_selection_backward</key>
							<class>com.rapidminer.operator.features.selection.BackwardAttributeEliminationOperator
							</class>
							<replaces>AdvancedBackwardElimination</replaces>
						</operator>
						<operator>
							<key>optimize_selection</key>
							<class>com.rapidminer.operator.features.selection.FeatureSelectionOperator
							</class>
							<replaces>FeatureSelection</replaces>
						</operator>
						<operator>
							<key>optimize_selection_brute_force</key>
							<class>com.rapidminer.operator.features.selection.BruteForceSelection
							</class>
							<replaces>BruteForce</replaces>
						</operator>
						<operator>
							<key>optimize_selection_weight_guided</key>
							<class>com.rapidminer.operator.features.selection.WeightGuidedSelectionOperator
							</class>
							<replaces>WeightGuidedFeatureSelection</replaces>
						</operator>
						<operator>
							<key>optimize_selection_evolutionary</key>
							<class>com.rapidminer.operator.features.selection.GeneticAlgorithm
							</class>
							<replaces>GeneticAlgorithm</replaces>
						</operator>
					</group>
				</group>
			</group>
			<group key="value_modification">
				<icon>table_cell.png</icon>
				<operator>
					<key>set_data</key>
					<class>com.rapidminer.operator.preprocessing.filter.SetData</class>
					<replaces>SetData</replaces>
				</operator>
				<operator>
					<key>declare_missing_value</key>
					<class>com.rapidminer.operator.preprocessing.filter.DeclareMissingValueOperator
					</class>
				</operator>
				<group key="numerical">
					<operator>
						<key>normalize</key>
						<class>com.rapidminer.operator.preprocessing.normalization.Normalization
						</class>
						<replaces>Normalization</replaces>
					</operator>
					<operator>
						<key>denormalize</key>
						<class>com.rapidminer.operator.preprocessing.normalization.DenormalizationOperator
						</class>
					</operator>
					<operator>
						<key>scale_by_weights</key>
						<class>com.rapidminer.operator.features.AttributeWeightsApplier
						</class>
						<replaces>AttributeWeightsApplier</replaces>
					</operator>
				</group>
				<group key="date">
					<operator>
						<key>adjust_date</key>
						<class>com.rapidminer.operator.preprocessing.filter.DateAdjust
						</class>
						<replaces>DateAdjust</replaces>
					</operator>
				</group>
				<group key="nominal">
					<operator>
						<key>map</key>
						<class>com.rapidminer.operator.preprocessing.filter.AttributeValueMapper
						</class>
						<replaces>AttributeValueMapper</replaces>
						<replaces>Mapping</replaces>
					</operator>
					<operator>
						<key>replace</key>
						<class>com.rapidminer.operator.preprocessing.filter.AttributeValueReplace
						</class>
						<replaces>Replace</replaces>
					</operator>
					<operator>
						<key>replace_dictionary</key>
						<class>com.rapidminer.operator.preprocessing.filter.ExampleSetToDictionary
						</class>
						<replaces>Dictionary</replaces>
					</operator>
					<operator>
						<key>cut</key>
						<class>com.rapidminer.operator.preprocessing.filter.AttributeValueSubstring
						</class>
						<replaces>AttributeValueSubstring</replaces>
						<replaces>Substring</replaces>
					</operator>
					<operator>
						<key>trim</key>
						<class>com.rapidminer.operator.preprocessing.filter.AttributeValueTrim
						</class>
						<replaces>Trim</replaces>
					</operator>
					<operator>
						<key>split</key>
						<class>com.rapidminer.operator.preprocessing.filter.AttributeValueSplit
						</class>
						<replaces>Split</replaces>
					</operator>
					<operator>
						<key>merge</key>
						<class>com.rapidminer.operator.preprocessing.filter.MergeNominalValues
						</class>
						<replaces>MergeNominalValues</replaces>
						<replaces>MergeValues</replaces>
					</operator>
					<operator>
						<key>add</key>
						<class>com.rapidminer.operator.preprocessing.filter.AddNominalValue
						</class>
						<replaces>AddNominalValue</replaces>
						<replaces>AddValue</replaces>
					</operator>
					<operator>
						<key>remap_binominals</key>
						<class>com.rapidminer.operator.preprocessing.filter.InternalBinominalRemapping
						</class>
						<replaces>InternalBinominalRemapping</replaces>
					</operator>
				</group>
			</group>
			<group key="data_cleansing">
				<icon>table_new.png</icon>
				<operator>
					<key>replace_missing_values</key>
					<class>com.rapidminer.operator.preprocessing.filter.MissingValueReplenishment
					</class>
					<replaces>MissingValueReplenishment</replaces>
				</operator>
				<operator>
					<key>impute_missing_values</key>
					<class>com.rapidminer.operator.preprocessing.filter.MissingValueImputation
					</class>
					<replaces>MissingValueImputation</replaces>
				</operator>
				<operator>
					<key>replace_infinite_values</key>
					<class>com.rapidminer.operator.preprocessing.filter.InfiniteValueReplenishment
					</class>
					<replaces>InfiniteValueReplenishment</replaces>
				</operator>
				<operator>
					<key>fill_data_gaps</key>
					<class>com.rapidminer.operator.preprocessing.filter.FillDataGaps
					</class>
					<replaces>FillDataGaps</replaces>
				</operator>
				<operator>
					<key>remove_unused_values</key>
					<class>com.rapidminer.operator.preprocessing.RemoveUnusedNominalValuesOperator
					</class>
				</operator>
				<group key="outlier_detection">
					<operator>
						<key>detect_outlier_distances</key>
						<class>com.rapidminer.operator.preprocessing.outlier.DKNOutlierOperator
						</class>
						<replaces>DistanceBasedOutlierDetection</replaces>
					</operator>
					<operator>
						<key>detect_outlier_densities</key>
						<class>com.rapidminer.operator.preprocessing.outlier.DBOutlierOperator
						</class>
						<replaces>DensityBasedOutlierDetection</replaces>
					</operator>
					<operator>
						<key>detect_outlier_lof</key>
						<class>com.rapidminer.operator.preprocessing.outlier.LOFOutlierOperator
						</class>
						<replaces>LOFOutlierDetection</replaces>
					</operator>
					<operator>
						<key>detect_outlier_cof</key>
						<class>com.rapidminer.operator.preprocessing.outlier.EcodbOperator
						</class>
					</operator>
				</group>
			</group>
			<group key="filtering">
				<icon>funnel.png</icon>
				<group key="sampling">
					<operator>
						<key>sample</key>
						<class>com.rapidminer.operator.preprocessing.sampling.SamplingOperator
						</class>
						<replaces>Sampling</replaces>
					</operator>
					<operator>
						<key>sample_stratified</key>
						<class>com.rapidminer.operator.preprocessing.sampling.StratifiedSamplingOperator
						</class>
						<replaces>StratifiedSampling</replaces>
					</operator>
					<operator>
						<key>sample_bootstrapping</key>
						<class>com.rapidminer.operator.preprocessing.sampling.BootstrappingOperator
						</class>
						<replaces>Bootstrapping</replaces>
					</operator>
					<operator>
						<key>sample_model_based</key>
						<class>com.rapidminer.operator.preprocessing.sampling.ModelBasedSampling
						</class>
						<replaces>ModelBasedSampling</replaces>
					</operator>
					<operator>
						<key>sample_kennard_stone</key>
						<class>com.rapidminer.operator.preprocessing.sampling.KennardStoneSampling
						</class>
						<replaces>KennardStoneSampling</replaces>
					</operator>
					<operator>
						<key>split_data</key>
						<class>com.rapidminer.operator.preprocessing.sampling.PartitionOperator
						</class>
						<replaces>Partition</replaces>
					</operator>
				</group>
				<operator>
					<key>filter_examples</key>
					<class>com.rapidminer.operator.preprocessing.filter.ExampleFilter
					</class>
					<replaces>ExampleFilter</replaces>
				</operator>
				<operator>
					<key>remove_duplicates</key>
					<class>com.rapidminer.operator.preprocessing.filter.RemoveDuplicates
					</class>
					<replaces>RemoveDuplicates</replaces>
				</operator>
				<operator>
					<key>filter_example_range</key>
					<class>com.rapidminer.operator.preprocessing.filter.ExampleRangeFilter
					</class>
					<replaces>ExampleRangeFilter</replaces>
				</operator>
			</group>
			<group key="sorting">
				<icon>sort_az_descending.png</icon>
				<operator>
					<key>sort</key>
					<class>com.rapidminer.operator.preprocessing.filter.Sorting</class>
					<replaces>Sorting</replaces>
				</operator>
				<operator>
					<key>sort_by_pareto_rank</key>
					<class>com.rapidminer.operator.preprocessing.filter.NonDominatedSorting
					</class>
					<replaces>NonDominatedSorting</replaces>
				</operator>
				<operator>
					<key>shuffle</key>
					<class>com.rapidminer.operator.preprocessing.filter.PermutationOperator
					</class>
					<replaces>Permutation</replaces>
				</operator>
			</group>
			<group key="rotation">
				<icon>table_refresh.png</icon>
				<operator>
					<key>pivot</key>
					<class>com.rapidminer.operator.preprocessing.transformation.Example2AttributePivoting
					</class>
					<replaces>Example2AttributePivoting</replaces>
				</operator>
				<operator>
					<key>de_pivot</key>
					<class>com.rapidminer.operator.preprocessing.transformation.Attribute2ExamplePivoting
					</class>
					<replaces>Attribute2ExamplePivoting</replaces>
				</operator>
				<operator>
					<key>transpose</key>
					<class>com.rapidminer.operator.preprocessing.ExampleSetTranspose
					</class>
					<replaces>ExampleSetTranspose</replaces>
				</operator>
			</group>
			<group key="aggregation">
				<icon>calculator.png</icon>
				<operator>
					<key>aggregate</key>
					<class>com.rapidminer.operator.preprocessing.transformation.aggregation.AggregationOperator
					</class>
					<replaces>Aggregation</replaces>
				</operator>
			</group>
			<group key="set_operations">
				<icon>logic_and.png</icon>
				<operator>
					<key>append</key>
					<class>com.rapidminer.operator.preprocessing.join.ExampleSetMerge
					</class>
					<replaces>ExampleSetMerge</replaces>
				</operator>
				<operator>
					<key>join</key>
					<class>com.rapidminer.operator.preprocessing.join.ExampleSetJoin
					</class>
					<replaces>ExampleSetJoin</replaces>
				</operator>
				<operator>
					<key>set_minus</key>
					<class>com.rapidminer.operator.preprocessing.join.ExampleSetMinus
					</class>
					<replaces>ExampleSetMinus</replaces>
				</operator>
				<operator>
					<key>intersect</key>
					<class>com.rapidminer.operator.preprocessing.join.ExampleSetIntersect
					</class>
					<replaces>ExampleSetIntersect</replaces>
				</operator>
				<operator>
					<key>union</key>
					<class>com.rapidminer.operator.preprocessing.join.ExampleSetUnion
					</class>
					<replaces>ExampleSetUnion</replaces>
				</operator>
				<operator>
					<key>superset</key>
					<class>com.rapidminer.operator.preprocessing.join.ExampleSetSuperset
					</class>
					<replaces>ExampleSetSuperset</replaces>
				</operator>
				<operator>
					<key>cartesian_product</key>
					<class>com.rapidminer.operator.preprocessing.join.ExampleSetCartesian
					</class>
					<replaces>ExampleSetCartesian</replaces>
				</operator>
			</group>
		</group>
		<group key="modeling">
			<group key="classification_and_regression">
				<icon>lightbulb.png</icon>
				<group key="lazy_modeling">
					<operator>
						<key>default_model</key>
						<class>com.rapidminer.operator.learner.lazy.DefaultLearner</class>
						<replaces>DefaultLearner</replaces>
					</operator>
					<operator>
						<key>k_nn</key>
						<class>com.rapidminer.operator.learner.lazy.KNNLearner</class>
						<replaces>NearestNeighbors</replaces>
					</operator>
				</group>
				<group key="bayesian_modeling">
					<operator>
						<key>naive_bayes</key>
						<class>com.rapidminer.operator.learner.bayes.NaiveBayes</class>
						<replaces>NaiveBayes</replaces>
					</operator>
					<operator>
						<key>naive_bayes_kernel</key>
						<class>com.rapidminer.operator.learner.bayes.KernelNaiveBayes
						</class>
						<replaces>KernelNaiveBayes</replaces>
					</operator>
				</group>
				<group key="tree_induction">
					<operator>
						<key>decision_tree</key>
						<class>com.rapidminer.operator.learner.tree.DecisionTreeLearner
						</class>
						<replaces>DecisionTree</replaces>
					</operator>
					<operator>
						<key>decision_tree_multiway</key>
						<class>com.rapidminer.operator.learner.tree.MultiwayDecisionTree
						</class>
						<replaces>MultiwayDecisionTree</replaces>
					</operator>
					<operator>
						<key>decision_tree_weight_based</key>
						<class>com.rapidminer.operator.learner.tree.RelevanceTreeLearner
						</class>
						<replaces>RelevanceTree</replaces>
					</operator>
					<operator>
						<key>id3</key>
						<class>com.rapidminer.operator.learner.tree.ID3Learner</class>
						<replaces>ID3</replaces>
					</operator>
					<operator>
						<key>chaid</key>
						<class>com.rapidminer.operator.learner.tree.CHAIDLearner</class>
						<replaces>CHAID</replaces>
					</operator>
					<operator>
						<key>decision_stump</key>
						<class>com.rapidminer.operator.learner.tree.DecisionStumpLearner
						</class>
						<replaces>DecisionStump</replaces>
					</operator>
					<operator>
						<key>random_tree</key>
						<class>com.rapidminer.operator.learner.tree.RandomTreeLearner
						</class>
						<replaces>RandomTree</replaces>
					</operator>
					<operator>
						<key>random_forest</key>
						<class>com.rapidminer.operator.learner.tree.RandomForestLearner
						</class>
						<replaces>RandomForest</replaces>
					</operator>
				</group>
				<group key="rule_induction">
					<operator>
						<key>rule_induction</key>
						<class>com.rapidminer.operator.learner.rules.RuleLearner</class>
						<replaces>RuleLearner</replaces>
					</operator>
					<operator>
						<key>single_rule_induction</key>
						<class>com.rapidminer.operator.learner.rules.BestRuleInduction
						</class>
						<replaces>BestRuleInduction</replaces>
					</operator>
					<operator>
						<key>single_rule_induction_single_attribute</key>
						<class>com.rapidminer.operator.learner.rules.SingleRuleLearner
						</class>
						<replaces>OneR</replaces>
					</operator>
					<operator>
						<key>subgroup_discovery</key>
						<class>com.rapidminer.operator.learner.subgroups.SubgroupDiscovery
						</class>
						<replaces>ExhaustiveSubgroupDiscovery</replaces>
					</operator>
					<operator>
						<key>tree_to_rules</key>
						<class>com.rapidminer.operator.learner.meta.Tree2RuleConverter
						</class>
						<replaces>Tree2RuleConverter</replaces>
					</operator>
				</group>
				<group key="neural_net_training">
					<operator>
						<key>perceptron</key>
						<class>com.rapidminer.operator.learner.functions.Perceptron
						</class>
						<replaces>Perceptron</replaces>
					</operator>
					<operator>
						<key>neural_net</key>
						<class>com.rapidminer.operator.learner.functions.neuralnet.ImprovedNeuralNetLearner
						</class>
						<replaces>NeuralNetImproved</replaces>
					</operator>
					<operator>
						<key>auto_mlp</key>
						<class>de.dfki.madm.paren.operator.learner.functions.neuralnet.AutoMLPImprovedNeuralNetLearner
						</class>
						<replaces>AutoMLP</replaces>
					</operator>
				</group>
				<group key="function_fitting">
					<operator>
						<key>linear_regression</key>
						<class>com.rapidminer.operator.learner.functions.linear.LinearRegression
						</class>
						<replaces>LinearRegression</replaces>
					</operator>
					<operator>
						<key>seemingly_unrelated_regression</key>
						<class>com.rapidminer.operator.learner.functions.SeeminglyUnrelatedRegressionOperator
						</class>
					</operator>
					<operator>
						<key>polynomial_regression</key>
						<class>com.rapidminer.operator.learner.functions.PolynomialRegression
						</class>
						<replaces>PolynomialRegression</replaces>
					</operator>
					<operator>
						<key>local_polynomial_regression</key>
						<class>com.rapidminer.operator.learner.local.LocalPolynomialRegressionOperator
						</class>
						<replaces>LocalPolynomialRegression</replaces>
					</operator>
					<operator>
						<key>vector_linear_regression</key>
						<class>com.rapidminer.operator.learner.functions.VectorLinearRegression
						</class>
						<replaces>VectorLinearRegression</replaces>
					</operator>
					<operator>
						<key>gaussian_process</key>
						<class>com.rapidminer.operator.learner.functions.kernel.GPLearner
						</class>
						<replaces>GPLearner</replaces>
					</operator>
					<operator>
						<key>relevance_vector_machine</key>
						<class>com.rapidminer.operator.learner.functions.kernel.RVMLearner
						</class>
						<replaces>RVMLearner</replaces>
					</operator>
				</group>
				<group key="logistic_regression">
					<operator>
						<key>logistic_regression</key>
						<class>com.rapidminer.operator.learner.functions.kernel.MyKLRLearner
						</class>
						<replaces>MyKLRLearner</replaces>
					</operator>
					<operator>
						<key>logistic_regression_evolutionary</key>
						<class>com.rapidminer.operator.learner.functions.kernel.KernelLogisticRegression
						</class>
						<replaces>KernelLogisticRegression</replaces>
					</operator>
				</group>
				<group key="svm">
					<operator>
						<key>support_vector_machine</key>
						<class>com.rapidminer.operator.learner.functions.kernel.JMySVMLearner
						</class>
						<replaces>JMySVMLearner</replaces>
					</operator>
					<operator>
						<key>support_vector_machine_linear</key>
						<class>com.rapidminer.operator.learner.functions.kernel.LinearMySVMLearner
						</class>
					</operator>
					<operator>
						<key>support_vector_machine_libsvm</key>
						<class>com.rapidminer.operator.learner.functions.kernel.LibSVMLearner
						</class>
						<replaces>LibSVMLearner</replaces>
					</operator>
					<operator>
						<key>support_vector_machine_evolutionary</key>
						<class>com.rapidminer.operator.learner.functions.kernel.evosvm.EvoSVM
						</class>
						<replaces>EvoSVM</replaces>
					</operator>
					<operator>
						<key>support_vector_machine_pso</key>
						<class>com.rapidminer.operator.learner.functions.kernel.evosvm.PSOSVM
						</class>
						<replaces>PsoSVM</replaces>
					</operator>
					<operator>
						<key>fast_large_margin</key>
						<class>com.rapidminer.operator.learner.functions.FastLargeMargin
						</class>
						<replaces>FastLargeMargin</replaces>
					</operator>
					<operator>
						<key>hyper_hyper</key>
						<class>com.rapidminer.operator.learner.functions.kernel.hyperhyper.HyperHyper
						</class>
						<replaces>HyperHyper</replaces>
					</operator>
				</group>
				<group key="discriminant_analysis">
					<operator>
						<key>linear_discriminant_analysis</key>
						<class>com.rapidminer.operator.learner.bayes.LinearDiscriminantAnalysis
						</class>
						<replaces>LinearDiscriminantAnalysis</replaces>
					</operator>
					<operator>
						<key>quadratic_discriminant_analysis</key>
						<class>com.rapidminer.operator.learner.bayes.QuadraticDiscriminantAnalysis
						</class>
						<replaces>QuadraticDiscriminantAnalysis</replaces>
					</operator>
					<operator>
						<key>regularized_discriminant_analysis</key>
						<class>com.rapidminer.operator.learner.bayes.RegularizedDiscriminantAnalysis
						</class>
						<replaces>RegularizedDiscriminantAnalysis</replaces>
					</operator>
				</group>
				<group key="meta">
					<operator>
						<key>vote</key>
						<class>com.rapidminer.operator.learner.meta.Vote</class>
						<replaces>Vote</replaces>
					</operator>
					<operator>
						<key>polynomial_by_binomial_classification</key>
						<class>com.rapidminer.operator.learner.meta.Binary2MultiClassLearner
						</class>
						<replaces>Binary2MultiClassLearner</replaces>
					</operator>
					<operator>
						<key>hierarchical_multi_class_classification</key>
						<class>com.rapidminer.operator.learner.meta.HierarchicalMultiClassLearner
						</class>
					</operator>
					<operator>
						<key>classification_by_regression</key>
						<class>com.rapidminer.operator.learner.meta.ClassificationByRegression
						</class>
						<replaces>ClassificationByRegression</replaces>
					</operator>
					<operator>
						<key>additive_regression</key>
						<class>com.rapidminer.operator.learner.meta.AdditiveRegression
						</class>
						<replaces>AdditiveRegression</replaces>
					</operator>
					<operator>
						<key>relative_regression</key>
						<class>com.rapidminer.operator.learner.meta.RelativeRegression
						</class>
						<replaces>RelativeRegression</replaces>
					</operator>
					<operator>
						<key>transformed_regression</key>
						<class>com.rapidminer.operator.learner.meta.TransformedRegression
						</class>
						<replaces>TransformedRegression</replaces>
					</operator>
					<operator>
						<key>bayesian_boosting</key>
						<class>com.rapidminer.operator.learner.meta.BayesianBoosting
						</class>
						<replaces>BayesianBoosting</replaces>
					</operator>
					<operator>
						<key>subgroup_discovery_meta</key>
						<class>com.rapidminer.operator.learner.meta.SDRulesetInduction
						</class>
						<replaces>SubgroupDiscovery</replaces>
					</operator>
					<operator>
						<key>adaboost</key>
						<class>com.rapidminer.operator.learner.meta.AdaBoost</class>
						<replaces>AdaBoost</replaces>
					</operator>
					<operator>
						<key>bagging</key>
						<class>com.rapidminer.operator.learner.meta.Bagging</class>
						<replaces>Bagging</replaces>
					</operator>
					<operator>
						<key>stacking</key>
						<class>com.rapidminer.operator.learner.meta.Stacking</class>
						<replaces>Stacking</replaces>
					</operator>
					<operator>
						<key>metacost</key>
						<class>com.rapidminer.operator.learner.meta.MetaCost</class>
						<replaces>MetaCost</replaces>
					</operator>
					<operator>
						<key>find_threshold_meta</key>
						<class>com.rapidminer.operator.learner.meta.CostBasedThresholdLearner
						</class>
						<replaces>CostBasedThresholdLearner</replaces>
					</operator>
				</group>
			</group>
			<group key="weighting">
				<icon>sort_descending.png</icon>
				<operator>
					<key>weight_by_information_gain</key>
					<class>com.rapidminer.operator.features.weighting.InfoGainWeighting
					</class>
					<replaces>InfoGainWeighting</replaces>
				</operator>
				<operator>
					<key>weight_by_information_gain_ratio</key>
					<class>com.rapidminer.operator.features.weighting.InfoGainRatioWeighting
					</class>
					<replaces>InfoGainRatioWeighting</replaces>
				</operator>
				<operator>
					<key>weight_by_rule</key>
					<class>com.rapidminer.operator.features.weighting.OneRErrorWeighting
					</class>
					<replaces>SingleRuleWeighting</replaces>
				</operator>
				<operator>
					<key>weight_by_value_average</key>
					<class>com.rapidminer.operator.features.weighting.CorpusBasedFeatureWeighting
					</class>
					<replaces>CorpusBasedWeighting</replaces>
				</operator>
				<operator>
					<key>weight_by_deviation</key>
					<class>com.rapidminer.operator.features.weighting.StandardDeviationWeighting
					</class>
					<replaces>StandardDeviationWeighting</replaces>
				</operator>
				<operator>
					<key>weight_by_correlation</key>
					<class>com.rapidminer.operator.features.weighting.CorrelationWeighting
					</class>
					<replaces>CorrelationBasedWeighting</replaces>
				</operator>
				<operator>
					<key>weight_by_chi_squared_statistic</key>
					<class>com.rapidminer.operator.features.weighting.ChiSquaredWeighting
					</class>
					<replaces>ChiSquaredWeighting</replaces>
				</operator>
				<operator>
					<key>weight_by_gini_index</key>
					<class>com.rapidminer.operator.features.weighting.GiniWeighting
					</class>
					<replaces>GiniIndexWeighting</replaces>
				</operator>
				<operator>
					<key>weight_by_forest</key>
					<class>com.rapidminer.operator.features.weighting.ForestBasedWeighting
					</class>
				</operator>
				<operator>
					<key>weight_by_uncertainty</key>
					<class>com.rapidminer.operator.features.weighting.SymmetricalUncertaintyOperator
					</class>
					<replaces>SymmetricalUncertaintyWeighting</replaces>
				</operator>
				<operator>
					<key>weight_by_relief</key>
					<class>com.rapidminer.operator.features.weighting.ReliefWeighting
					</class>
					<replaces>Relief</replaces>
				</operator>
				<operator>
					<key>weight_by_svm</key>
					<class>com.rapidminer.operator.features.weighting.SVMWeighting
					</class>
					<replaces>SVMWeighting</replaces>
				</operator>
				<operator>
					<key>weight_by_pca</key>
					<class>com.rapidminer.operator.features.weighting.PCAWeighting
					</class>
					<replaces>PCAWeighting</replaces>
				</operator>
				<operator>
					<key>weight_by_component_model</key>
					<class>com.rapidminer.operator.features.weighting.ComponentWeights
					</class>
					<replaces>ComponentWeights</replaces>
				</operator>
				<operator>
					<key>weight_by_user_specification</key>
					<class>com.rapidminer.operator.features.weighting.NameBasedWeighting
					</class>
					<replaces>NameBasedWeighting</replaces>
				</operator>
				<operator>
					<key>data_to_weights</key>
					<class>com.rapidminer.operator.features.weighting.ExampleSet2AttributeWeights
					</class>
					<replaces>ExampleSet2AttributeWeights</replaces>
				</operator>
				<operator>
					<key>weights_to_data</key>
					<class>com.rapidminer.operator.features.weighting.AttributeWeights2ExampleSet
					</class>
					<replaces>AttributeWeights2ExampleSet</replaces>
				</operator>
				<group key="optimization">
					<operator>
						<key>optimize_weights_forward</key>
						<class>com.rapidminer.operator.features.weighting.ForwardWeighting
						</class>
						<replaces>ForwardWeighting</replaces>
					</operator>
					<operator>
						<key>optimize_weights_backward</key>
						<class>com.rapidminer.operator.features.weighting.BackwardWeighting
						</class>
						<replaces>BackwardWeighting</replaces>
					</operator>
					<operator>
						<key>optimize_weights_evolutionary</key>
						<class>com.rapidminer.operator.features.weighting.EvolutionaryWeighting
						</class>
						<replaces>EvolutionaryWeighting</replaces>
					</operator>
					<operator>
						<key>optimize_weights_pso</key>
						<class>com.rapidminer.operator.features.weighting.PSOWeighting
						</class>
						<replaces>PSOWeighting</replaces>
					</operator>
				</group>
			</group>
			<group key="clustering">
				<icon>colors_cmyk.png</icon>
				<operator>
					<key>k_means</key>
					<class>com.rapidminer.operator.clustering.clusterer.KMeans</class>
					<replaces>KMeans</replaces>
				</operator>
				<operator>
					<key>k_means_kernel</key>
					<class>com.rapidminer.operator.clustering.clusterer.KernelKMeans
					</class>
					<replaces>KernelKMeans</replaces>
				</operator>
				<operator>
					<key>fast_k_means</key>
					<class>com.rapidminer.operator.clustering.clusterer.FastKMeans
					</class>
				</operator>
				<operator>
					<key>x_means</key>
					<class>com.rapidminer.operator.clustering.clusterer.XMeans</class>
				</operator>
				<operator>
					<key>k_medoids</key>
					<class>com.rapidminer.operator.clustering.clusterer.KMedoids
					</class>
					<replaces>KMedoids</replaces>
				</operator>
				<operator>
					<key>dbscan</key>
					<class>com.rapidminer.operator.clustering.clusterer.DBScan</class>
					<replaces>DBScanClustering</replaces>
				</operator>
				<operator>
					<key>expectation_maximization_clustering</key>
					<class>com.rapidminer.operator.clustering.clusterer.soft.EMClusterer
					</class>
					<replaces>EMClustering</replaces>
				</operator>
				<operator>
					<key>support_vector_clustering</key>
					<class>com.rapidminer.operator.clustering.clusterer.SVClustering
					</class>
					<replaces>SupportVectorClustering</replaces>
				</operator>
				<operator>
					<key>random_clustering</key>
					<class>com.rapidminer.operator.clustering.clusterer.RandomClustering
					</class>
					<replaces>RandomFlatClustering</replaces>
				</operator>
				<operator>
					<key>agglomerative_clustering</key>
					<class>com.rapidminer.operator.clustering.clusterer.AgglomerativeClustering
					</class>
					<replaces>AgglomerativeClustering</replaces>
				</operator>
				<operator>
					<key>top_down_clustering</key>
					<class>com.rapidminer.operator.clustering.clusterer.TopDownClustering
					</class>
					<replaces>TopDownClustering</replaces>
				</operator>
				<operator>
					<key>flatten_clustering</key>
					<class>com.rapidminer.operator.clustering.FlattenClusterModel
					</class>
					<replaces>FlattenClusterModel</replaces>
				</operator>
				<operator>
					<key>extract_prototypes</key>
					<class>com.rapidminer.operator.clustering.ExtractClusterPrototypes
					</class>
				</operator>
			</group>
			<group key="associations">
				<icon>shopping_cart_empty.png</icon>
				<operator>
					<key>fp_growth</key>
					<class>com.rapidminer.operator.learner.associations.fpgrowth.FPGrowth
					</class>
					<replaces>FPGrowth</replaces>
				</operator>
				<operator>
					<key>create_association_rules</key>
					<class>com.rapidminer.operator.learner.associations.AssociationRuleGenerator
					</class>
					<replaces>AssociationRuleGenerator</replaces>
				</operator>
				<operator>
					<key>apply_association_rules</key>
					<class>com.rapidminer.operator.associations.AssociationRulesApplier
					</class>
				</operator>
				<operator>
					<key>generalized_sequential_patterns</key>
					<class>com.rapidminer.operator.learner.associations.gsp.GSPOperator
					</class>
					<replaces>GeneralizedSequentialPattern</replaces>
				</operator>
				<operator>
					<key>item_sets_to_data</key>
					<class>com.rapidminer.operator.learner.associations.FrequentItemSetsToData
					</class>
				</operator>
				<operator>
					<key>unify_item_sets</key>
					<class>com.rapidminer.operator.learner.associations.FrequentItemSetUnificator
					</class>
					<replaces>FrequentItemSetUnificator</replaces>
				</operator>
			</group>
			<group key="dependencies">
				<icon>chart_bubble.png</icon>
				<operator>
					<key>correlation_matrix</key>
					<class>com.rapidminer.operator.visualization.dependencies.CorrelationMatrixOperator
					</class>
					<replaces>CorrelationMatrix</replaces>
				</operator>
				<operator>
					<key>covariance_matrix</key>
					<class>com.rapidminer.operator.visualization.dependencies.CovarianceMatrixOperator
					</class>
					<replaces>CovarianceMatrix</replaces>
				</operator>
				<operator>
					<key>anova_matrix</key>
					<class>com.rapidminer.operator.visualization.dependencies.ANOVAMatrixOperator
					</class>
					<replaces>ANOVAMatrix</replaces>
				</operator>
				<operator>
					<key>grouped_anova</key>
					<class>com.rapidminer.operator.preprocessing.transformation.GroupedANOVAOperator
					</class>
					<replaces>GroupedANOVA</replaces>
				</operator>
				<operator>
					<key>transition_matrix</key>
					<class>com.rapidminer.operator.visualization.dependencies.TransitionMatrixOperator
					</class>
					<replaces>TransitionMatrix</replaces>
				</operator>
				<operator>
					<key>transition_graph</key>
					<class>com.rapidminer.operator.visualization.dependencies.TransitionGraphOperator
					</class>
					<replaces>TransitionGraph</replaces>
				</operator>
				<operator>
					<key>mututal_information_matrix</key>
					<class>com.rapidminer.operator.visualization.dependencies.MutualInformationMatrixOperator
					</class>
					<replaces>MutualInformationMatrix</replaces>
				</operator>
				<operator>
					<key>rainflow_matrix</key>
					<class>com.rapidminer.operator.visualization.dependencies.RainflowMatrixOperator
					</class>
					<replaces>RainflowMatrix</replaces>
				</operator>
			</group>
			<group key="similarities">
				<icon>graph_edge_directed.png</icon>
				<operator>
					<key>data_to_similarity</key>
					<class>com.rapidminer.operator.similarity.ExampleSet2Similarity
					</class>
					<replaces>ExampleSet2Similarity</replaces>
				</operator>
				<operator>
					<key>data_to_similarity_data</key>
					<class>com.rapidminer.operator.similarity.ExampleSet2SimilarityExampleSet
					</class>
					<replaces>ExampleSet2SimilarityExampleSet</replaces>
				</operator>
				<operator>
					<key>similarity_to_data</key>
					<class>com.rapidminer.operator.similarity.Similarity2ExampleSet
					</class>
					<replaces>Similarity2ExampleSet</replaces>
				</operator>
				<operator>
					<key>cross_distances</key>
					<class>com.rapidminer.operator.similarity.CrossDistancesOperator
					</class>
				</operator>
			</group>
			<group key="application">
				<icon>lightbulb_on.png</icon>
				<operator>
					<key>apply_model</key>
					<class>com.rapidminer.operator.ModelApplier</class>
					<icon>lightbulb_on.png</icon>
					<replaces>ModelApplier</replaces>
				</operator>
				<operator>
					<key>update_model</key>
					<class>com.rapidminer.operator.ModelUpdater</class>
					<icon>lightbulb_on.png</icon>
					<replaces>ModelUpdater</replaces>
				</operator>
				<operator>
					<key>group_models</key>
					<class>com.rapidminer.operator.ModelGrouper</class>
					<icon>link_add.png</icon>
					<replaces>ModelGrouper</replaces>
				</operator>
				<operator>
					<key>ungroup_models</key>
					<class>com.rapidminer.operator.ModelUngrouper</class>
					<icon>link_delete.png</icon>
					<replaces>ModelUngrouper</replaces>
				</operator>
				<operator>
					<key>create_formula</key>
					<class>com.rapidminer.operator.visualization.FormulaExtractor
					</class>
					<icon>text_formula.png</icon>
					<replaces>FormulaExtractor</replaces>
				</operator>
				<group key="thresholds">
					<operator>
						<key>find_threshold</key>
						<class>com.rapidminer.operator.postprocessing.ThresholdFinder
						</class>
						<replaces>ThresholdFinder</replaces>
					</operator>
					<operator>
						<key>create_threshold</key>
						<class>com.rapidminer.operator.postprocessing.ThresholdCreator
						</class>
						<replaces>ThresholdCreator</replaces>
					</operator>
					<operator>
						<key>apply_threshold</key>
						<class>com.rapidminer.operator.postprocessing.ThresholdApplier
						</class>
						<replaces>ThresholdApplier</replaces>
					</operator>
					<operator>
						<key>select_recall</key>
						<class>com.rapidminer.operator.postprocessing.RecallChooser
						</class>
					</operator>
				</group>
				<group key="confidences">
					<operator>
						<key>rescale_confidences</key>
						<class>com.rapidminer.operator.postprocessing.PlattScaling</class>
						<replaces>PlattScaling</replaces>
					</operator>
					<operator>
						<key>drop_uncertain_predictions</key>
						<class>com.rapidminer.operator.postprocessing.SimpleUncertainPredictionsTransformation
						</class>
						<replaces>UncertainPredictionsTransformation</replaces>
					</operator>
					<operator>
						<key>generate_prediction</key>
						<class>com.rapidminer.operator.postprocessing.GeneratePredictionOperator
						</class>
					</operator>
					<operator>
						<key>generate_prediction_ranking</key>
						<class>com.rapidminer.operator.postprocessing.GeneratePredictionRankingOperator
						</class>
					</operator>
				</group>
			</group>
		</group>
		<group key="evaluation">
			<icon>symbol_percent.png</icon>
			<group key="validation">
				<operator>
					<key>split_validation</key>
					<class>com.rapidminer.operator.validation.SplitValidationOperator
					</class>
					<replaces>SimpleValidation</replaces>
				</operator>
				<operator>
					<key>x_validation</key>
					<class>com.rapidminer.operator.validation.XValidation</class>
					<replaces>XValidation</replaces>
				</operator>
				<operator>
					<key>bootstrapping_validation</key>
					<class>com.rapidminer.operator.validation.BootstrappingValidation
					</class>
					<replaces>BootstrappingValidation</replaces>
				</operator>
				<operator>
					<key>batch_x_validation</key>
					<class>com.rapidminer.operator.validation.BatchXValidation</class>
					<replaces>BatchXValidation</replaces>
				</operator>
				<operator>
					<key>wrapper_split_validation</key>
					<class>com.rapidminer.operator.validation.RandomSplitWrapperValidationChain
					</class>
					<replaces>SimpleWrapperValidation</replaces>
				</operator>
				<operator>
					<key>wrapper_x_validation</key>
					<class>com.rapidminer.operator.validation.WrapperXValidation
					</class>
					<replaces>WrapperXValidation</replaces>
				</operator>
			</group>
			<group key="performance">
				<operator>
					<key>performance</key>
					<class>com.rapidminer.operator.performance.SimplePerformanceEvaluator
					</class>
					<replaces>Performance</replaces>
				</operator>
				<operator>
					<key>extract_performance</key>
					<class>com.rapidminer.operator.performance.Data2Performance</class>
					<replaces>Data2Performance</replaces>
				</operator>
				<operator>
					<key>combine_performances</key>
					<class>com.rapidminer.operator.performance.WeightedPerformanceCreator
					</class>
					<replaces>WeightedPerformanceCreator</replaces>
				</operator>
				<operator>
					<key>performance_user_based</key>
					<class>com.rapidminer.operator.performance.UserBasedPerformanceEvaluator
					</class>
					<replaces>UserBasedPerformance</replaces>
				</operator>
				<operator>
					<key>performance_min_max</key>
					<class>com.rapidminer.operator.performance.MinMaxWrapper</class>
					<replaces>MinMaxWrapper</replaces>
				</operator>
				<operator>
					<key>performance_to_data</key>
					<class>com.rapidminer.operator.performance.PerformanceVectorToExampleSet</class>
				</operator>
				<group key="classification_and_regression">
					<operator>
						<key>performance_classification</key>
						<class>com.rapidminer.operator.performance.PolynominalClassificationPerformanceEvaluator
						</class>
						<replaces>ClassificationPerformance</replaces>
					</operator>
					<operator>
						<key>performance_binominal_classification</key>
						<class>com.rapidminer.operator.performance.BinominalClassificationPerformanceEvaluator
						</class>
						<replaces>BinominalClassificationPerformance</replaces>
					</operator>
					<operator>
						<key>performance_regression</key>
						<class>com.rapidminer.operator.performance.RegressionPerformanceEvaluator
						</class>
						<replaces>RegressionPerformance</replaces>
					</operator>
					<operator>
						<key>performance_costs</key>
						<class>com.rapidminer.operator.performance.cost.CostEvaluator
						</class>
						<replaces>CostEvaluator</replaces>
					</operator>
					<operator>
						<key>performance_ranking</key>
						<class>com.rapidminer.operator.performance.cost.RankingEvaluator
						</class>
					</operator>
					<operator>
						<key>performance_support_vector_count</key>
						<class>com.rapidminer.operator.performance.SupportVectorCounter
						</class>
						<replaces>SupportVectorCounter</replaces>
					</operator>
				</group>
				<group key="attributes">
					<operator>
						<key>performance_attribute_count</key>
						<class>com.rapidminer.operator.performance.AttributeCounter
						</class>
						<replaces>AttributeCounter</replaces>
					</operator>
				</group>
				<group key="clustering">
					<operator>
						<key>cluster_count_performance</key>
						<class>com.rapidminer.operator.validation.clustering.ClusterNumberEvaluator
						</class>
						<replaces>ClusterNumberEvaluator</replaces>
					</operator>
					<operator>
						<key>cluster_distance_performance</key>
						<class>com.rapidminer.operator.validation.clustering.CentroidBasedEvaluator
						</class>
						<replaces>ClusterCentroidEvaluator</replaces>
					</operator>
					<operator>
						<key>cluster_density_performance</key>
						<class>com.rapidminer.operator.validation.clustering.ClusterDensityEvaluator
						</class>
						<replaces>ClusterDensityEvaluator</replaces>
					</operator>
					<operator>
						<key>item_distribution_performance</key>
						<class>com.rapidminer.operator.validation.clustering.exampledistribution.ExampleDistributionEvaluator
						</class>
						<replaces>ItemDistributionEvaluator</replaces>
					</operator>
					<operator>
						<key>map_clustering_on_labels</key>
						<class>com.rapidminer.operator.clustering.ClusterToPrediction
						</class>
						<replaces>Cluster2Prediction</replaces>
					</operator>
				</group>
			</group>
			<group key="significance">
				<operator>
					<key>t_test</key>
					<class>com.rapidminer.operator.validation.significance.TTestSignificanceTestOperator
					</class>
					<replaces>T-Test</replaces>
				</operator>
				<operator>
					<key>anova</key>
					<class>com.rapidminer.operator.validation.significance.AnovaSignificanceTestOperator
					</class>
					<replaces>Anova</replaces>
				</operator>
			</group>
			<group key="visual">
				<operator>
					<key>create_lift_chart</key>
					<class>com.rapidminer.operator.visualization.LiftParetoChartGenerator
					</class>
					<replaces>LiftParetoChart</replaces>
				</operator>
				<operator>
					<key>compare_rocs</key>
					<class>com.rapidminer.operator.visualization.ROCBasedComparisonOperator
					</class>
					<replaces>ROCComparator</replaces>
				</operator>
				<operator>
					<key>visualize_model_by_som</key>
					<class>com.rapidminer.operator.visualization.SOMModelVisualization
					</class>
					<replaces>ModelVisualizer</replaces>
				</operator>
			</group>
		</group>
	</group>
</operators>