<?xml version="1.0" encoding="UTF-8" standalone="no"?>
<parserules>

   <!-- Operators : A -->
   <absolutesampling>
      <setParameter>
         <attribute>use_local_random_seed</attribute>
         <value>true</value>
         <condition>
            <parameter_unequals>
               <parameter>local_random_seed</parameter>
               <value>-1</value>
            </parameter_unequals>
         </condition>
      </setParameter>
      <replaceOperator>
         <replacement>sample</replacement>
      </replaceOperator>
   </absolutesampling>
   <absolutesplitchain>
      <setParameter>
         <attribute>restrict_first</attribute>
         <value>true</value>
         <condition>
            <parameter_unequals>
               <parameter>number_training_examples</parameter>
               <value>-1</value>
            </parameter_unequals>
         </condition>
      </setParameter>
      <setParameter>
         <attribute>restrict_first</attribute>
         <value>false</value>
         <condition>
            <parameter_equals>
               <parameter>number_training_examples</parameter>
               <value>-1</value>
            </parameter_equals>
         </condition>
      </setParameter>
      <setParameter>
         <attribute>number_training_examples</attribute>
         <value>1</value>
         <condition>
            <parameter_equals>
               <parameter>number_training_examples</parameter>
               <value>-1</value>
            </parameter_equals>
         </condition>
      </setParameter>
      <setParameter>
         <attribute>number_test_examples</attribute>
         <value>1</value>
         <condition>
            <parameter_equals>
               <parameter>number_test_examples</parameter>
               <value>-1</value>
            </parameter_equals>
         </condition>
      </setParameter>
      <replaceParameter>
         <oldparameter>number_test_examples</oldparameter>
         <newparameter>second_set_size</newparameter>
      </replaceParameter>
      <replaceParameter>
         <oldparameter>number_training_examples</oldparameter>
         <newparameter>first_set_size</newparameter>
      </replaceParameter>
   </absolutesplitchain>
   <absolutestratifiedsampling>
      <replaceOperator>
         <replacement>sample_stratified</replacement>
         <setParameter>
            <attribute>use_local_random_seed</attribute>
            <value>true</value>
            <condition>
               <parameter_unequals>
                  <parameter>local_random_seed</parameter>
                  <value>-1</value>
               </parameter_unequals>
            </condition>
         </setParameter>
      </replaceOperator>
   </absolutestratifiedsampling>
   <apply_cluster_model>
      <replaceOperator>
         <replacement>apply_model</replacement>
      </replaceOperator>
   </apply_cluster_model>
<!-- Operators: B -->
   <bayesian_boosting>
      <setParameter>
         <attribute>use_local_random_seed</attribute>
         <value>true</value>
         <condition>
            <parameter_unequals>
               <parameter>local_random_seed</parameter>
               <value>-1</value>
            </parameter_unequals>
         </condition>
      </setParameter>
   </bayesian_boosting>
   <!-- Operators: C -->
   <compare_rocs>
      <wireSubprocess>
         <subprocess>0</subprocess>
      </wireSubprocess>
   </compare_rocs>
   <conditionedfeaturegeneration>
      <setParameter>
         <attribute>value_type</attribute>
         <value>text</value>
         <condition>
            <parameter_equals>
               <parameter>value_type</parameter>
               <value>string</value>
            </parameter_equals>
         </condition>
      </setParameter>
   </conditionedfeaturegeneration>
   <create_learning_curve>
      <setParameter>
         <attribute>start_fraction</attribute>
         <value>0.05</value>
         <condition>
            <parameter_equals>
               <parameter>start_fraction</parameter>
               <value>-1.0</value>
            </parameter_equals>
         </condition>
      </setParameter>
      <setParameter>
         <attribute>use_local_random_seed</attribute>
         <value>true</value>
         <condition>
            <parameter_unequals>
               <parameter>local_random_seed</parameter>
               <value>-1</value>
            </parameter_unequals>
         </condition>
      </setParameter>
   </create_learning_curve>
    <!-- Operators: D -->
   <!-- Operators: E -->
   <execute_process>
      <replaceParameter>
         <oldparameter>process_file</oldparameter>
         <newparameter>process_location</newparameter>
      </replaceParameter>
   </execute_process>
   <!-- Operators: F -->
   <featureblocktypefilter>
      <replaceOperator>
         <replacement>select_attributes</replacement>
         <setParameter>
            <attribute>use_block_type_exception</attribute>
            <value>true</value>
            <condition>
               <parameter_unequals>
                  <parameter>except_features_of_type</parameter>
                  <value />
               </parameter_unequals>
            </condition>
         </setParameter>
         <replaceParameter>
            <oldparameter>filter_special_features</oldparameter>
            <newparameter>include_special_attributes</newparameter>
         </replaceParameter>
         <replaceParameter>
            <oldparameter>skip_features_of_type</oldparameter>
            <newparameter>block_type</newparameter>
         </replaceParameter>
         <replaceParameter>
            <oldparameter>except_features_of_type</oldparameter>
            <newparameter>except_block_type</newparameter>
         </replaceParameter>
         <setParameter>
            <attribute>invert_selection</attribute>
            <value>true</value>
         </setParameter>
         <setParameter>
            <attribute>attribute_filter_type</attribute>
            <value>block_type</value>
         </setParameter>
      </replaceOperator>
   </featureblocktypefilter>
   <featurenamefilter>
      <replaceOperator>
         <replacement>select_attributes</replacement>
         <replaceParameter>
            <oldparameter>filter_special_features</oldparameter>
            <newparameter>include_special_attributes</newparameter>
         </replaceParameter>
         <replaceParameter>
            <oldparameter>skip_features_with_name</oldparameter>
            <newparameter>regular_expression</newparameter>
         </replaceParameter>
         <replaceParameter>
            <oldparameter>except_features_with_name</oldparameter>
            <newparameter>except_regular_expression</newparameter>
         </replaceParameter>
         <setParameter>
            <attribute>use_except_expression</attribute>
            <value>true</value>
            <condition>
               <parameter_unequals>
                  <parameter>except_regular_expression</parameter>
                  <value />
               </parameter_unequals>
            </condition>
         </setParameter>
         <setParameter>
            <attribute>invert_selection</attribute>
            <value>true</value>
         </setParameter>
         <setParameter>
            <attribute>attribute_filter_type</attribute>
            <value>regular_expression</value>
         </setParameter>
      </replaceOperator>
   </featurenamefilter>
   <featurevaluetypefilter>
      <!--  first change string to text  -->
      <setParameter>
         <attribute>skip_features_of_type</attribute>
         <value>text</value>
         <condition>
            <parameter_equals>
               <parameter>skip_features_of_type</parameter>
               <value>string</value>
            </parameter_equals>
         </condition>
      </setParameter>
      <setParameter>
         <attribute>except_features_of_type</attribute>
         <value>text</value>
         <condition>
            <parameter_equals>
               <parameter>except_features_of_type</parameter>
               <value>string</value>
            </parameter_equals>
         </condition>
      </setParameter>
      <!--  then replace by attribute filter -->
      <replaceOperator>
         <replacement>select_attributes</replacement>
         <setParameter>
            <attribute>use_value_type_exception</attribute>
            <value>true</value>
            <condition>
               <parameter_unequals>
                  <parameter>except_features_of_type</parameter>
                  <value />
               </parameter_unequals>
            </condition>
         </setParameter>
         <replaceParameter>
            <operator>FeatureValueTypeFilter</operator>
            <oldparameter>filter_special_features</oldparameter>
            <newparameter>include_special_attributes</newparameter>
         </replaceParameter>
         <replaceParameter>
            <operator>FeatureValueTypeFilter</operator>
            <oldparameter>skip_features_of_type</oldparameter>
            <newparameter>value_type</newparameter>
         </replaceParameter>
         <replaceParameter>
            <operator>FeatureValueTypeFilter</operator>
            <oldparameter>except_features_of_type</oldparameter>
            <newparameter>except_value_type</newparameter>
         </replaceParameter>
         <setParameter>
            <operator>FeatureValueTypeFilter</operator>
            <attribute>invert_selection</attribute>
            <value>true</value>
         </setParameter>
         <setParameter>
            <operator>FeatureValueTypeFilter</operator>
            <attribute>attribute_filter_type</attribute>
            <value>value_type</value>
         </setParameter>
      </replaceOperator>
   </featurevaluetypefilter>
   <find_threshold_meta>
      <setParameter>
         <attribute>use_local_random_seed</attribute>
         <value>true</value>
         <condition>
            <parameter_unequals>
               <parameter>local_random_seed</parameter>
               <value>-1</value>
            </parameter_unequals>
         </condition>
      </setParameter>
   </find_threshold_meta>
   <fixedsplitvalidation>
      <replaceOperator>
         <replacement>split_validation</replacement>
         <setParameter>
            <attribute>split</attribute>
            <value>absolute</value>
         </setParameter>
      </replaceOperator>
   </fixedsplitvalidation>
<!-- Operators: G -->
   <generate_empty_attribute>
      <setParameter>
         <attribute>value_type</attribute>
         <value>text</value>
         <condition>
            <parameter_equals>
               <parameter>value_type</parameter>
               <value>string</value>
            </parameter_equals>
         </condition>
      </setParameter>
   </generate_empty_attribute>
   <generalized_hebbian_algorithm>
      <setParameter>
         <attribute>use_local_random_seed</attribute>
         <value>true</value>
         <condition>
            <parameter_unequals>
               <parameter>local_random_seed</parameter>
               <value>-1</value>
            </parameter_unequals>
         </condition>
      </setParameter>
   </generalized_hebbian_algorithm>
   <generate_aggregation>
      <setParameter>
         <attribute>attribute_filter_type</attribute>
         <value>regular_expression</value>
      </setParameter>
      <replaceParameter>
         <oldparameter>aggregation_attributes</oldparameter>
         <newparameter>regular_expression</newparameter>
      </replaceParameter>
   </generate_aggregation>
   <generate_data>
      <setParameter>
         <attribute>use_local_random_seed</attribute>
         <value>true</value>
         <condition>
            <parameter_unequals>
               <parameter>local_random_seed</parameter>
               <value>-1</value>
            </parameter_unequals>
         </condition>
      </setParameter>
   </generate_data>
   <generate_direct_mailing_data>
      <setParameter>
         <attribute>use_local_random_seed</attribute>
         <value>true</value>
         <condition>
            <parameter_unequals>
               <parameter>local_random_seed</parameter>
               <value>-1</value>
            </parameter_unequals>
         </condition>
      </setParameter>
   </generate_direct_mailing_data>
   <generate_gaussians>
      <setParameter>
         <attribute>attribute_filter_type</attribute>
         <value>regular_expression</value>
      </setParameter>
      <replaceParameter>
         <oldparameter>attribute_name</oldparameter>
         <newparameter>regular_expression</newparameter>
      </replaceParameter>
   </generate_gaussians>
   <generate_massive_data>
      <setParameter>
         <attribute>use_local_random_seed</attribute>
         <value>true</value>
         <condition>
            <parameter_unequals>
               <parameter>local_random_seed</parameter>
               <value>-1</value>
            </parameter_unequals>
         </condition>
      </setParameter>
   </generate_massive_data>
   <generate_multi_label_data>
      <setParameter>
         <attribute>use_local_random_seed</attribute>
         <value>true</value>
         <condition>
            <parameter_unequals>
               <parameter>local_random_seed</parameter>
               <value>-1</value>
            </parameter_unequals>
         </condition>
      </setParameter>
   </generate_multi_label_data>
   <generate_nominal_data>
      <setParameter>
         <attribute>use_local_random_seed</attribute>
         <value>true</value>
         <condition>
            <parameter_unequals>
               <parameter>local_random_seed</parameter>
               <value>-1</value>
            </parameter_unequals>
         </condition>
      </setParameter>
   </generate_nominal_data>
   <generate_sales_data>
      <setParameter>
         <attribute>use_local_random_seed</attribute>
         <value>true</value>
         <condition>
            <parameter_unequals>
               <parameter>local_random_seed</parameter>
               <value>-1</value>
            </parameter_unequals>
         </condition>
      </setParameter>
   </generate_sales_data>
   <generate_team_profit_data>
      <setParameter>
         <attribute>use_local_random_seed</attribute>
         <value>true</value>
         <condition>
            <parameter_unequals>
               <parameter>local_random_seed</parameter>
               <value>-1</value>
            </parameter_unequals>
         </condition>
      </setParameter>
   </generate_team_profit_data>
   <generate_transfer_data>
      <setParameter>
         <attribute>use_local_random_seed</attribute>
         <value>true</value>
         <condition>
            <parameter_unequals>
               <parameter>local_random_seed</parameter>
               <value>-1</value>
            </parameter_unequals>
         </condition>
      </setParameter>
   </generate_transfer_data>
   <generate_up_selling_data>
      <setParameter>
         <attribute>use_local_random_seed</attribute>
         <value>true</value>
         <condition>
            <parameter_unequals>
               <parameter>local_random_seed</parameter>
               <value>-1</value>
            </parameter_unequals>
         </condition>
      </setParameter>
   </generate_up_selling_data>
   <guess_types>
      <replaceParameter>
         <oldparameter>apply_on_special</oldparameter>
         <newparameter>include_special_attributes</newparameter>
      </replaceParameter>
   </guess_types>
<!-- Operators: H -->
   <hyper_hyper>
      <setParameter>
         <attribute>use_local_random_seed</attribute>
         <value>true</value>
         <condition>
            <parameter_unequals>
               <parameter>local_random_seed</parameter>
               <value>-1</value>
            </parameter_unequals>
         </condition>
      </setParameter>
   </hyper_hyper>
<!-- Operators: I -->
   <independent_component_analysis>
      <setParameter>
         <attribute>use_local_random_seed</attribute>
         <value>true</value>
         <condition>
            <parameter_unequals>
               <parameter>local_random_seed</parameter>
               <value>-1</value>
            </parameter_unequals>
         </condition>
      </setParameter>
      <setParameter>
         <attribute>dimensionality_reduction</attribute>
         <value>none</value>
         <condition>
            <parameter_equals>
               <parameter>number_of_components</parameter>
               <value>-1</value>
            </parameter_equals>
         </condition>
      </setParameter>
      <setParameter>
         <attribute>number_of_components</attribute>
         <value>1</value>
         <condition>
            <parameter_equals>
               <parameter>number_of_components</parameter>
               <value>-1</value>
            </parameter_equals>
         </condition>
      </setParameter>
      <setParameter>
         <attribute>dimensionality_reduction</attribute>
         <value>fixed number</value>
         <condition>
            <parameter_unequals>
               <parameter>number_of_components</parameter>
               <value>-1</value>
            </parameter_unequals>
         </condition>
      </setParameter>
   </independent_component_analysis>
   <ioconsumer>
      <deleteAfterAutowire>
      </deleteAfterAutowire>
   </ioconsumer>
   <ioselector>
      <deleteAfterAutowire>
      </deleteAfterAutowire>
   </ioselector>
<!-- Operators: K -->
   <k_medoids>
      <setParameter>
         <attribute>use_local_random_seed</attribute>
         <value>true</value>
         <condition>
            <parameter_unequals>
               <parameter>local_random_seed</parameter>
               <value>-1</value>
            </parameter_unequals>
         </condition>
      </setParameter>
   </k_medoids>
<!-- Operators: L -->
   <logisticregression>
      <setParameter>
         <attribute>use_local_random_seed</attribute>
         <value>true</value>
         <condition>
            <parameter_unequals>
               <parameter>local_random_seed</parameter>
               <value>-1</value>
            </parameter_unequals>
         </condition>
      </setParameter>
   </logisticregression>
   <loop>
      <setParameter>
         <attribute>limit_time</attribute>
         <value>true</value>
         <condition>
            <parameter_unequals>
               <parameter>timeout</parameter>
               <value>-1</value>
            </parameter_unequals>
         </condition>
      </setParameter>
      <setParameter>
         <attribute>limit_time</attribute>
         <value>false</value>
         <condition>
            <parameter_equals>
               <parameter>timeout</parameter>
               <value>-1</value>
            </parameter_equals>
         </condition>
      </setParameter>
   </loop>
   <loop_and_deliver_best>
      <setParameter>
         <attribute>enable_timeout</attribute>
         <value>true</value>
         <condition>
            <parameter_unequals>
               <parameter>timeout</parameter>
               <value>-1</value>
            </parameter_unequals>
         </condition>
      </setParameter>
   </loop_and_deliver_best>
   <loop_attributes>
      <setParameter>
         <attribute>attribute_filter_type</attribute>
         <value>regular_expression</value>
         <condition>
            <parameter_unequals>
               <parameter>filter</parameter>
               <value></value>
            </parameter_unequals>
         </condition>
      </setParameter>
      <replaceParameter>
         <oldparameter>filter</oldparameter>
         <newparameter>regular_expression</newparameter>
      </replaceParameter>
      <setParameter>
         <attribute>attribute_filter_type</attribute>
         <value>value_type</value>
         <condition>
            <parameter_equals>
               <parameter>filter</parameter>
               <value></value>
            </parameter_equals>
            <parameter_unequals>
               <parameter>type_filter</parameter>
               <value>none</value>
            </parameter_unequals>
         </condition>
      </setParameter>
      <setParameter>
         <attribute>value_type</attribute>
         <value>nominal</value>
         <condition>
            <parameter_equals>
               <parameter>type_filter</parameter>
               <value>nominal</value>
            </parameter_equals>
         </condition>
      </setParameter>
      <setParameter>
         <attribute>value_type</attribute>
         <value>numeric</value>
         <condition>
            <parameter_equals>
               <parameter>type_filter</parameter>
               <value>numerical</value>
            </parameter_equals>
         </condition>
      </setParameter>
      <replaceParameter>
         <oldparameter>work_on_special</oldparameter>
         <newparameter>include_special_attributes</newparameter>
      </replaceParameter>
   </loop_attributes>
   <loop_attribute_subsets>
      <setParameter>
         <attribute>use_exact_number</attribute>
         <value>true</value>
         <condition>
            <parameter_unequals>
               <parameter>exact_number_of_attributes</parameter>
               <value>-1</value>
            </parameter_unequals>
         </condition>
      </setParameter>
      <setParameter>
         <attribute>limit_max_number</attribute>
         <value>true</value>
         <condition>
            <parameter_unequals>
               <parameter>max_number_of_attributes</parameter>
               <value>-1</value>
            </parameter_unequals>
         </condition>
      </setParameter>
   </loop_attribute_subsets>
   <loop_until>
      <setParameter>
         <attribute>limit_time</attribute>
         <value>true</value>
         <condition>
            <parameter_unequals>
               <parameter>timeout</parameter>
               <value>-1</value>
            </parameter_unequals>
         </condition>
      </setParameter>
      <setParameter>
         <attribute>limit_time</attribute>
         <value>false</value>
         <condition>
            <parameter_equals>
               <parameter>timeout</parameter>
               <value>-1</value>
            </parameter_equals>
         </condition>
      </setParameter>
   </loop_until>
<!-- Operators: M -->
   <map>
      <setParameter>
         <attribute>attribute_filter_type</attribute>
         <value>regular_expression</value>
      </setParameter>
      <replaceParameter>
         <oldparameter>attributes</oldparameter>
         <newparameter>regular_expression</newparameter>
      </replaceParameter>
      <switchListEntries>
         <parameter>value_mappings</parameter>
      </switchListEntries>
   </map>
   <metacost>
      <setParameter>
         <attribute>use_local_random_seed</attribute>
         <value>true</value>
         <condition>
            <parameter_unequals>
               <parameter>local_random_seed</parameter>
               <value>-1</value>
            </parameter_unequals>
         </condition>
      </setParameter>
   </metacost>
   <missingvaluereplenishmentview>
      <replaceOperator>
         <replacement>replace_missing_values</replacement>
         <setParameter>
            <attribute>create_view</attribute>
            <value>true</value>
         </setParameter>
      </replaceOperator>
   </missingvaluereplenishmentview>
   <multicriteriondecisionstump>
      <replaceOperator>
         <replacement>decision_stump</replacement>
         <setParameter>
            <attribute>criterion</attribute>
            <value>information_gain</value>
            <condition>
               <parameter_equals>
                  <parameter>utility_function</parameter>
                  <value>entropy</value>
               </parameter_equals>
            </condition>
         </setParameter>
         <setParameter>
            <attribute>criterion</attribute>
            <value>accuracy</value>
            <condition>
               <parameter_equals>
                  <parameter>utility_function</parameter>
                  <value>accuracy</value>
               </parameter_equals>
            </condition>
         </setParameter>
         <setParameter>
            <attribute>criterion</attribute>
            <value>information_gain</value>
            <condition>
               <parameter_equals>
                  <parameter>utility_function</parameter>
                  <value>entropy</value>
               </parameter_equals>
            </condition>
         </setParameter>
         <setParameter>
            <attribute>criterion</attribute>
            <value>gini_index</value>
            <condition>
               <parameter_equals>
                  <parameter>utility_function</parameter>
                  <value>gini index</value>
               </parameter_equals>
            </condition>
         </setParameter>
      </replaceOperator>
   </multicriteriondecisionstump>
<!-- Operators: N -->
   <neural_net>
      <setParameter>
         <attribute>use_local_random_seed</attribute>
         <value>true</value>
         <condition>
            <parameter_unequals>
               <parameter>local_random_seed</parameter>
               <value>-1</value>
            </parameter_unequals>
         </condition>
      </setParameter>
   </neural_net>
   <neuralnetsimple>
      <setParameter>
         <attribute>use_local_random_seed</attribute>
         <value>true</value>
         <condition>
            <parameter_unequals>
               <parameter>local_random_seed</parameter>
               <value>-1</value>
            </parameter_unequals>
         </condition>
      </setParameter>
      <replaceOperator>
         <replacement>neural_net</replacement>
      </replaceOperator>
   </neuralnetsimple>
   <normalize>
      <replaceParameterValue>
         <parameter>method</parameter>
         <oldvalue>Z-Transformation</oldvalue>
         <newvalue>Z-transformation</newvalue>
      </replaceParameterValue>
      <replaceParameterValue>
         <parameter>method</parameter>
         <oldvalue>Range-Transformation</oldvalue>
         <newvalue>range transformation</newvalue>
      </replaceParameterValue>
      <replaceParameterValue>
         <parameter>method</parameter>
         <oldvalue>Proportion-Transformation</oldvalue>
         <newvalue>proportion transformation</newvalue>
      </replaceParameterValue>
   </normalize>
<!-- Operators: O -->
   <obfuscate>
      <setParameter>
         <attribute>use_local_random_seed</attribute>
         <value>true</value>
         <condition>
            <parameter_unequals>
               <parameter>local_random_seed</parameter>
               <value>-1</value>
            </parameter_unequals>
         </condition>
      </setParameter>
   </obfuscate>
   
   
   <open_file>
      <replaceParameter appliesSince="5.1.000" appliesBefore="5.1.015">
       	<oldparameter>source_type</oldparameter>
       	<newparameter>resource_type</newparameter>
      </replaceParameter>
   </open_file>
   <write_file>
      <replaceParameter appliesSince="5.1.000" appliesBefore="5.1.015">
         <oldparameter>source_type</oldparameter>
         <newparameter>resource_type</newparameter>
      </replaceParameter>
   </write_file>

   <optimize_by_generation_aga>
      <setParameter>
         <attribute>use_local_random_seed</attribute>
         <value>true</value>
         <condition>
            <parameter_unequals>
               <parameter>local_random_seed</parameter>
               <value>-1</value>
            </parameter_unequals>
         </condition>
      </setParameter>
      <setParameter>
         <attribute>limit_max_total_number_of_attributes</attribute>
         <value>true</value>
         <condition>
            <parameter_unequals>
               <parameter>max_total_number_of_attributes</parameter>
               <value>-1</value>
            </parameter_unequals>
         </condition>
      </setParameter>
      <setParameter>
         <attribute>use_early_stopping</attribute>
         <value>true</value>
         <condition>
            <parameter_unequals>
               <parameter>generations_without_improval</parameter>
               <value>-1</value>
            </parameter_unequals>
         </condition>
      </setParameter>
      <setParameter>
         <attribute>use_heuristic_mutation_probability</attribute>
         <value>true</value>
         <condition>
            <parameter_unequals>
               <parameter>p_mutation</parameter>
               <value>-1</value>
            </parameter_unequals>
         </condition>
      </setParameter>
   </optimize_by_generation_aga>
   <optimize_by_generation_gga>
      <setParameter>
         <attribute>use_local_random_seed</attribute>
         <value>true</value>
         <condition>
            <parameter_unequals>
               <parameter>local_random_seed</parameter>
               <value>-1</value>
            </parameter_unequals>
         </condition>
      </setParameter>
      <setParameter>
         <attribute>limit_max_total_number_of_attributes</attribute>
         <value>true</value>
         <condition>
            <parameter_unequals>
               <parameter>max_total_number_of_attributes</parameter>
               <value>-1</value>
            </parameter_unequals>
         </condition>
      </setParameter>
      <setParameter>
         <attribute>use_early_stopping</attribute>
         <value>true</value>
         <condition>
            <parameter_unequals>
               <parameter>generations_without_improval</parameter>
               <value>-1</value>
            </parameter_unequals>
         </condition>
      </setParameter>
      <setParameter>
         <attribute>use_heuristic_mutation_probability</attribute>
         <value>true</value>
         <condition>
            <parameter_unequals>
               <parameter>p_mutation</parameter>
               <value>-1</value>
            </parameter_unequals>
         </condition>
      </setParameter>
   </optimize_by_generation_gga>
   <optimize_by_generation_evolutionary_aggregation>
      <setParameter>
         <attribute>use_local_random_seed</attribute>
         <value>true</value>
         <condition>
            <parameter_unequals>
               <parameter>local_random_seed</parameter>
               <value>-1</value>
            </parameter_unequals>
         </condition>
      </setParameter>
   </optimize_by_generation_evolutionary_aggregation>
   <optimize_by_generation_yagga>
      <setParameter>
         <attribute>use_local_random_seed</attribute>
         <value>true</value>
         <condition>
            <parameter_unequals>
               <parameter>local_random_seed</parameter>
               <value>-1</value>
            </parameter_unequals>
         </condition>
      </setParameter>
      <setParameter>
         <attribute>limit_max_total_number_of_attributes</attribute>
         <value>true</value>
         <condition>
            <parameter_unequals>
               <parameter>max_total_number_of_attributes</parameter>
               <value>-1</value>
            </parameter_unequals>
         </condition>
      </setParameter>
      <setParameter>
         <attribute>use_early_stopping</attribute>
         <value>true</value>
         <condition>
            <parameter_unequals>
               <parameter>generations_without_improval</parameter>
               <value>-1</value>
            </parameter_unequals>
         </condition>
      </setParameter>
      <setParameter>
         <attribute>use_heuristic_mutation_probability</attribute>
         <value>true</value>
         <condition>
            <parameter_unequals>
               <parameter>p_mutation</parameter>
               <value>-1</value>
            </parameter_unequals>
         </condition>
      </setParameter>
   </optimize_by_generation_yagga>
   <optimize_by_generation_yagga2>
      <setParameter>
         <attribute>use_local_random_seed</attribute>
         <value>true</value>
         <condition>
            <parameter_unequals>
               <parameter>local_random_seed</parameter>
               <value>-1</value>
            </parameter_unequals>
         </condition>
      </setParameter>
      <setParameter>
         <attribute>limit_max_total_number_of_attributes</attribute>
         <value>true</value>
         <condition>
            <parameter_unequals>
               <parameter>max_total_number_of_attributes</parameter>
               <value>-1</value>
            </parameter_unequals>
         </condition>
      </setParameter>
      <setParameter>
         <attribute>use_early_stopping</attribute>
         <value>true</value>
         <condition>
            <parameter_unequals>
               <parameter>generations_without_improval</parameter>
               <value>-1</value>
            </parameter_unequals>
         </condition>
      </setParameter>
      <setParameter>
         <attribute>use_heuristic_mutation_probability</attribute>
         <value>true</value>
         <condition>
            <parameter_unequals>
               <parameter>p_mutation</parameter>
               <value>-1</value>
            </parameter_unequals>
         </condition>
      </setParameter>
   </optimize_by_generation_yagga2>
   <optimize_parameters_evolutionary>
      <setParameter>
         <attribute>use_local_random_seed</attribute>
         <value>true</value>
         <condition>
            <parameter_unequals>
               <parameter>local_random_seed</parameter>
               <value>-1</value>
            </parameter_unequals>
         </condition>
      </setParameter>
      <setParameter>
         <attribute>use_early_stopping</attribute>
         <value>true</value>
         <condition>
            <parameter_unequals>
               <parameter>generations_without_improval</parameter>
               <value>-1</value>
            </parameter_unequals>
         </condition>
      </setParameter>
      <setParameter>
         <attribute>generations_without_improval</attribute>
         <value>2</value>
         <condition>
            <parameter_equals>
               <parameter>generations_without_improval</parameter>
               <value>-1</value>
            </parameter_equals>
         </condition>
      </setParameter>
      <setParameter>
         <attribute>specify_population_size</attribute>
         <value>true</value>
         <condition>
            <parameter_unequals>
               <parameter>population_size</parameter>
               <value>-1</value>
            </parameter_unequals>
         </condition>
      </setParameter>
      <setParameter>
         <attribute>specify_population_size</attribute>
         <value>false</value>
         <condition>
            <parameter_equals>
               <parameter>population_size</parameter>
               <value>-1</value>
            </parameter_equals>
         </condition>
      </setParameter>
      <setParameter>
         <attribute>population_size</attribute>
         <value>10</value>
         <condition>
            <parameter_equals>
               <parameter>population_size</parameter>
               <value>-1</value>
            </parameter_equals>
         </condition>
      </setParameter>
   </optimize_parameters_evolutionary>
   <optimize_selection>
      <setParameter>
         <attribute>use_local_random_seed</attribute>
         <value>true</value>
         <condition>
            <parameter_unequals>
               <parameter>local_random_seed</parameter>
               <value>-1</value>
            </parameter_unequals>
         </condition>
      </setParameter>
      <setParameter>
         <attribute>limit_number_of_generations</attribute>
         <value>true</value>
         <condition>
            <parameter_unequals>
               <parameter>maximum_number_of_generations</parameter>
               <value>-1</value>
            </parameter_unequals>
         </condition>
      </setParameter>
      <setParameter>
         <attribute>limit_generations_without_improval</attribute>
         <value>true</value>
         <condition>
            <parameter_unequals>
               <parameter>generations_without_improval</parameter>
               <value>-1</value>
            </parameter_unequals>
         </condition>
      </setParameter>
   </optimize_selection>
   <optimize_selection_brute_force>
      <setParameter>
         <attribute>use_local_random_seed</attribute>
         <value>true</value>
         <condition>
            <parameter_unequals>
               <parameter>local_random_seed</parameter>
               <value>-1</value>
            </parameter_unequals>
         </condition>
      </setParameter>
      <setParameter>
         <attribute>use_exact_number_of_attributes</attribute>
         <value>true</value>
         <condition>
            <parameter_unequals>
               <parameter>exact_number_of_attributes</parameter>
               <value>-1</value>
            </parameter_unequals>
         </condition>
      </setParameter>
      <setParameter>
         <attribute>restrict_maximum</attribute>
         <value>true</value>
         <condition>
            <parameter_unequals>
               <parameter>max_number_of_attributes</parameter>
               <value>-1</value>
            </parameter_unequals>
         </condition>
      </setParameter>
   </optimize_selection_brute_force>
   <optimize_selection_evolutionary>
      <setParameter>
         <attribute>use_local_random_seed</attribute>
         <value>true</value>
         <condition>
            <parameter_unequals>
               <parameter>local_random_seed</parameter>
               <value>-1</value>
            </parameter_unequals>
         </condition>
      </setParameter>
      <setParameter>
         <attribute>use_exact_number_of_attributes</attribute>
         <value>true</value>
         <condition>
            <parameter_unequals>
               <parameter>exact_number_of_attributes</parameter>
               <value>-1</value>
            </parameter_unequals>
         </condition>
      </setParameter>
      <setParameter>
         <attribute>restrict_maximum</attribute>
         <value>true</value>
         <condition>
            <parameter_unequals>
               <parameter>max_number_of_attributes</parameter>
               <value>-1</value>
            </parameter_unequals>
         </condition>
      </setParameter>
      <setParameter>
         <attribute>use_early_stopping</attribute>
         <value>true</value>
         <condition>
            <parameter_unequals>
               <parameter>generations_without_improval</parameter>
               <value>-1</value>
            </parameter_unequals>
         </condition>
      </setParameter>
   </optimize_selection_evolutionary>
   <optimize_weights_backward>
      <setParameter>
         <attribute>use_local_random_seed</attribute>
         <value>true</value>
         <condition>
            <parameter_unequals>
               <parameter>local_random_seed</parameter>
               <value>-1</value>
            </parameter_unequals>
         </condition>
      </setParameter>
   </optimize_weights_backward>
   <optimize_weights_forward>
      <setParameter>
         <attribute>use_local_random_seed</attribute>
         <value>true</value>
         <condition>
            <parameter_unequals>
               <parameter>local_random_seed</parameter>
               <value>-1</value>
            </parameter_unequals>
         </condition>
      </setParameter>
   </optimize_weights_forward>
   <optimize_weights_evolutionary>
      <setParameter>
         <attribute>use_local_random_seed</attribute>
         <value>true</value>
         <condition>
            <parameter_unequals>
               <parameter>local_random_seed</parameter>
               <value>-1</value>
            </parameter_unequals>
         </condition>
      </setParameter>
      <setParameter>
         <attribute>use_early_stopping</attribute>
         <value>true</value>
         <condition>
            <parameter_unequals>
               <parameter>generations_without_improval</parameter>
               <value>-1</value>
            </parameter_unequals>
         </condition>
      </setParameter>
      <setParameter>
         <attribute>generations_without_improval</attribute>
         <value>2</value>
         <condition>
            <parameter_equals>
               <parameter>generations_without_improval</parameter>
               <value>-1</value>
            </parameter_equals>
         </condition>
      </setParameter>
   </optimize_weights_evolutionary>
   <optimize_weights_pso>
      <setParameter>
         <attribute>use_local_random_seed</attribute>
         <value>true</value>
         <condition>
            <parameter_unequals>
               <parameter>local_random_seed</parameter>
               <value>-1</value>
            </parameter_unequals>
         </condition>
      </setParameter>
   </optimize_weights_pso>
<!-- Operators: P -->
   <pca>
      <replaceOperator>
         <replacement>principal_component_analysis</replacement>
      </replaceOperator>
   </pca>
   <polynomial_by_binomial_classification>
      <setParameter>
         <attribute>use_local_random_seed</attribute>
         <value>true</value>
         <condition>
            <parameter_unequals>
               <parameter>local_random_seed</parameter>
               <value>-1</value>
            </parameter_unequals>
         </condition>
      </setParameter>
   </polynomial_by_binomial_classification>
   <polynomial_regression>
      <setParameter>
         <attribute>use_local_random_seed</attribute>
         <value>true</value>
         <condition>
            <parameter_unequals>
               <parameter>local_random_seed</parameter>
               <value>-1</value>
            </parameter_unequals>
         </condition>
      </setParameter>
   </polynomial_regression>
   <principal_component_analysis>
      <replaceParameter>
         <oldparameter>min_variance_coverage</oldparameter>
         <newparameter>variance_threshold</newparameter>
      </replaceParameter>
   </principal_component_analysis>
<!-- Operators: R -->
   <order_attributes>
      <replaceParameter appliesSince="5.2.007" appliesBefore="5.2.009">
       	<oldparameter>handle_unmachted</oldparameter>
       	<newparameter>handle_unmatched</newparameter>
      </replaceParameter>
   </order_attributes>
   <random_tree>
      <setParameter>
         <attribute>use_local_random_seed</attribute>
         <value>true</value>
         <condition>
            <parameter_unequals>
               <parameter>local_random_seed</parameter>
               <value>-1</value>
            </parameter_unequals>
         </condition>
      </setParameter>
   </random_tree>
   <read_access>
      <replaceRoleParameter>
         <condition>
            <parameter_unequals>
               <parameter>label_attribute</parameter>
               <value></value>
            </parameter_unequals>
         </condition>
         <role>label</role>
         <parameter>label_attribute</parameter>
      </replaceRoleParameter>
      <replaceRoleParameter>
         <condition>
            <parameter_unequals>
               <parameter>id_attribute</parameter>
               <value></value>
            </parameter_unequals>
         </condition>
         <role>id</role>
         <parameter>id_attribute</parameter>
      </replaceRoleParameter>
   </read_access>
   <read_aml>
      <replaceParameter>
         <oldparameter>permutate</oldparameter>
         <newparameter>permute</newparameter>
      </replaceParameter>
      <setParameter>
         <attribute>use_local_random_seed</attribute>
         <value>true</value>
         <condition>
            <parameter_unequals>
               <parameter>local_random_seed</parameter>
               <value>-1</value>
            </parameter_unequals>
         </condition>
      </setParameter>
   </read_aml>
   <read_database>
      <setParameter>
         <attribute>define_connection</attribute>
         <value>url</value>
      </setParameter>
      <replaceRoleParameter>
         <condition>
            <parameter_unequals>
               <parameter>label_attribute</parameter>
               <value></value>
            </parameter_unequals>
         </condition>
         <role>label</role>
         <parameter>label_attribute</parameter>
      </replaceRoleParameter>
      <replaceRoleParameter>
         <condition>
            <parameter_unequals>
               <parameter>id_attribute</parameter>
               <value></value>
            </parameter_unequals>
         </condition>
         <role>id</role>
         <parameter>id_attribute</parameter>
      </replaceRoleParameter>
      <replaceRoleParameter>
         <condition>
            <parameter_unequals>
               <parameter>weight_attribute</parameter>
               <value></value>
            </parameter_unequals>
         </condition>
         <role>weight</role>
         <parameter>weight_attribute</parameter>
      </replaceRoleParameter>
   </read_database>
   <read_arff>
      <setParameter>
         <attribute>use_local_random_seed</attribute>
         <value>true</value>
         <condition>
            <parameter_unequals>
               <parameter>local_random_seed</parameter>
               <value>-1</value>
            </parameter_unequals>
         </condition>
      </setParameter>
      <replaceRoleParameter>
         <condition>
            <parameter_unequals>
               <parameter>label_attribute</parameter>
               <value></value>
            </parameter_unequals>
         </condition>
         <role>label</role>
         <parameter>label_attribute</parameter>
      </replaceRoleParameter>
      <replaceRoleParameter>
         <condition>
            <parameter_unequals>
               <parameter>id_attribute</parameter>
               <value></value>
            </parameter_unequals>
         </condition>
         <role>id</role>
         <parameter>id_attribute</parameter>
      </replaceRoleParameter>
      <replaceRoleParameter>
         <condition>
            <parameter_unequals>
               <parameter>weight_attribute</parameter>
               <value></value>
            </parameter_unequals>
         </condition>
         <role>weight</role>
         <parameter>weight_attribute</parameter>
      </replaceRoleParameter>
   </read_arff>
   <read_csv>
      <replaceParameter appliesSince="1.0.0" appliesBefore="5.1">
         <oldparameter>use_first_row_as_attribute_names</oldparameter>
         <newparameter>first_row_as_names</newparameter>
      </replaceParameter>
      <replaceRoleParameter>
         <condition>
            <parameter_unequals>
               <parameter>label_name</parameter>
               <value></value>
            </parameter_unequals>
         </condition>
         <role>label</role>
         <parameter>label_name</parameter>
      </replaceRoleParameter>
      <replaceRoleParameter>
         <condition>
            <parameter_unequals>
               <parameter>id_name</parameter>
               <value></value>
            </parameter_unequals>
         </condition>
         <role>id</role>
         <parameter>id_name</parameter>
      </replaceRoleParameter>
      <replaceRoleParameter>
         <condition>
            <parameter_unequals>
               <parameter>weight_name</parameter>
               <value></value>
            </parameter_unequals>
         </condition>
         <role>weight</role>
         <parameter>weight_name</parameter>
      </replaceRoleParameter>
   </read_csv>
   <read_excel>
      <setParameter>
         <attribute>create_label</attribute>
         <value>true</value>
         <condition>
            <parameter_unequals>
               <parameter>label_column</parameter>
               <value>-1</value>
            </parameter_unequals>
         </condition>
      </setParameter>
      <setParameter>
         <attribute>create_id</attribute>
         <value>true</value>
         <condition>
            <parameter_unequals>
               <parameter>id_column</parameter>
               <value>-1</value>
            </parameter_unequals>
         </condition>
      </setParameter>
      <replaceByCellAddress appliesSince="1.0.0" appliesBefore="5.1">
         <columnParameter>column_offset</columnParameter>
         <rowParameter>row_offset</rowParameter>
         <addressParameter>imported_cell_range</addressParameter>
      </replaceByCellAddress>
   </read_excel>
   <read_spss>
      <setParameter>
         <attribute>use_local_random_seed</attribute>
         <value>true</value>
         <condition>
            <parameter_unequals>
               <parameter>local_random_seed</parameter>
               <value>-1</value>
            </parameter_unequals>
         </condition>
      </setParameter>
   </read_spss>
   <read_stata>
      <setParameter>
         <attribute>use_local_random_seed</attribute>
         <value>true</value>
         <condition>
            <parameter_unequals>
               <parameter>local_random_seed</parameter>
               <value>-1</value>
            </parameter_unequals>
         </condition>
      </setParameter>
   </read_stata>
   <read_url>
      <replaceOperator>
         <replacement>read_csv</replacement>
         <replaceParameter>
            <oldparameter>url</oldparameter>
            <newparameter>file_name</newparameter>
         </replaceParameter>
         <replaceParameter>
            <oldparameter>read_attribute_names</oldparameter>
            <newparameter>first_row_as_names</newparameter>
         </replaceParameter>
         <replaceParameter>
            <oldparameter>decimal_point_character</oldparameter>
            <newparameter>decimal_character</newparameter>
         </replaceParameter>
      </replaceOperator>
   </read_url>
   <read_xrff>
      <setParameter>
         <attribute>use_local_random_seed</attribute>
         <value>true</value>
         <condition>
            <parameter_unequals>
               <parameter>local_random_seed</parameter>
               <value>-1</value>
            </parameter_unequals>
         </condition>
      </setParameter>
   </read_xrff>
   <remove_duplicates>
      <setParameter>
         <attribute>attribute_filter_type</attribute>
         <value>regular_expression</value>
      </setParameter>
      <replaceParameter>
         <oldparameter>attributes</oldparameter>
         <newparameter>regular_expression</newparameter>
      </replaceParameter>
   </remove_duplicates>
   <remove_useless_attributes>
      <replaceParameter>
         <oldparameter>nominal_single_value_upper</oldparameter>
         <newparameter>nominal_useless_above</newparameter>
      </replaceParameter>
      <replaceParameter>
         <oldparameter>nominal_single_value_lower</oldparameter>
         <newparameter>nominal_useless_below</newparameter>
      </replaceParameter>
      <setParameter>
         <attribute>nominal_remove_id_like</attribute>
         <value>true</value>
         <condition>
            <parameter_equals>
               <parameter>nominal_single_value_lower</parameter>
               <value>-1</value>
            </parameter_equals>
         </condition>
      </setParameter>
   </remove_useless_attributes>
   <replace_dictionary>
      <replaceParameter>
         <oldparameter>convert_to_lwoercase</oldparameter>
         <newparameter>convert_to_lowercase</newparameter>
      </replaceParameter>
   </replace_dictionary>
<!-- Operators: S -->
   <sample>
      <setParameter>
         <attribute>use_local_random_seed</attribute>
         <value>true</value>
         <condition>
            <parameter_unequals>
               <parameter>local_random_seed</parameter>
               <value>-1</value>
            </parameter_unequals>
         </condition>
      </setParameter>
      <setParameter>
         <attribute>sample</attribute>
         <value>relative</value>
      </setParameter>
   </sample>
   <sample_bootstrapping>
      <setParameter>
         <attribute>sample</attribute>
         <value>relative</value>
      </setParameter>
      <setParameter>
         <attribute>use_local_random_seed</attribute>
         <value>true</value>
         <condition>
            <parameter_unequals>
               <parameter>local_random_seed</parameter>
               <value>-1</value>
            </parameter_unequals>
         </condition>
      </setParameter>
   </sample_bootstrapping>
   <sample_model_based>
      <setParameter>
         <attribute>use_local_random_seed</attribute>
         <value>true</value>
         <condition>
            <parameter_unequals>
               <parameter>local_random_seed</parameter>
               <value>-1</value>
            </parameter_unequals>
         </condition>
      </setParameter>
   </sample_model_based>
   <sample_stratified>
      <setParameter>
         <attribute>sample</attribute>
         <value>relative</value>
      </setParameter>
      <setParameter>
         <attribute>use_local_random_seed</attribute>
         <value>true</value>
         <condition>
            <parameter_unequals>
               <parameter>local_random_seed</parameter>
               <value>-1</value>
            </parameter_unequals>
         </condition>
      </setParameter>
   </sample_stratified>
   <select_attributes>
      <replaceParameter>
         <oldparameter>invert_filter</oldparameter>
         <newparameter>invert_selection</newparameter>
      </replaceParameter>
      <replaceParameter>
         <oldparameter>parameter_string</oldparameter>
         <newparameter>regular_expression</newparameter>
         <condition>
            <parameter_equals>
               <parameter>condition_class</parameter>
               <value>attribute_name_filter</value>
            </parameter_equals>
         </condition>
      </replaceParameter>
      <replaceParameter>
         <oldparameter>parameter_string</oldparameter>
         <newparameter>numeric_condition</newparameter>
         <condition>
            <parameter_equals>
               <parameter>condition_class</parameter>
               <value>numeric_value_filter</value>
            </parameter_equals>
         </condition>
      </replaceParameter>
      <replaceParameter>
         <oldparameter>apply_on_special</oldparameter>
         <newparameter>include_special_attributes</newparameter>
      </replaceParameter>
      <replaceParameterValue>
         <parameter>condition_class</parameter>
         <oldvalue>attribute_name_filter</oldvalue>
         <newvalue>regular_expression</newvalue>
      </replaceParameterValue>
      <replaceParameter>
         <oldparameter>condition_class</oldparameter>
         <newparameter>attribute_filter_type</newparameter>
      </replaceParameter>
   </select_attributes>
   <select_by_random>
      <setParameter>
         <attribute>use_local_random_seed</attribute>
         <value>true</value>
         <condition>
            <parameter_unequals>
               <parameter>local_random_seed</parameter>
               <value>-1</value>
            </parameter_unequals>
         </condition>
      </setParameter>
      <replaceParameter>
         <oldparameter>number_of_features</oldparameter>
         <newparameter>number_of_parameters</newparameter>
      </replaceParameter>
      <setParameter>
         <attribute>use_fixed_number_of_attributes</attribute>
         <value>true</value>
         <condition>
            <parameter_unequals>
               <parameter>number_of_attributes</parameter>
               <value>-1</value>
            </parameter_unequals>
         </condition>
      </setParameter>
   </select_by_random>
   <set_role>
		<replaceParameter>
		  <oldparameter>role</oldparameter>
		  <newparameter>target_role</newparameter>
		</replaceParameter>
		<replaceParameter appliesBefore="5.3.006">
		 <oldparameter>name</oldparameter>
		 <newparameter>attribute_name</newparameter>
	  </replaceParameter>
   </set_role>
   <shuffle>
      <setParameter>
         <attribute>use_local_random_seed</attribute>
         <value>true</value>
         <condition>
            <parameter_unequals>
               <parameter>local_random_seed</parameter>
               <value>-1</value>
            </parameter_unequals>
         </condition>
      </setParameter>
   </shuffle>
   <split>
      <setParameter>
         <attribute>attribute_filter_type</attribute>
         <value>regular_expression</value>
      </setParameter>
      <replaceParameter>
         <oldparameter>attributes</oldparameter>
         <newparameter>regular_expression</newparameter>
      </replaceParameter>
      <replaceParameter>
         <oldparameter>apply_to_special</oldparameter>
         <newparameter>include_special</newparameter>
      </replaceParameter>
   </split>
   <stacking>
      <exchangeSubprocesses>
         <subprocess1>0</subprocess1>
         <subprocess2>1</subprocess2>
      </exchangeSubprocesses>
      <wireSubprocess>
         <subprocess>0</subprocess>
      </wireSubprocess>
   </stacking>
   <stream_database>
      <setParameter>
         <attribute>define_connection</attribute>
         <value>url</value>
      </setParameter>
   </stream_database>

   <!-- Operators: T -->

   <!-- Operators: U -->

   <!-- Operators: V -->
   <vote>
      <wireSubprocess>
         <subprocess>0</subprocess>
      </wireSubprocess>
   </vote>

   <!-- Operators: W -->
   <WeightGuidedAttributeSelection>
      <setParameter>
         <attribute>use_local_random_seed</attribute>
         <value>true</value>
         <condition>
            <parameter_unequals>
               <parameter>local_random_seed</parameter>
               <value>-1</value>
            </parameter_unequals>
         </condition>
      </setParameter>
      <setParameter>
         <attribute>use_early_stopping</attribute>
         <value>true</value>
         <condition>
            <parameter_unequals>
               <parameter>generations_without_improval</parameter>
               <value>-1</value>
            </parameter_unequals>
         </condition>
      </setParameter>
   </WeightGuidedAttributeSelection>
   <weightedbootstrapping>
      <replaceOperator>
         <replacement>sample_bootstrapping</replacement>
         <setParameter>
            <attribute>sample</attribute>
            <value>relative</value>
         </setParameter>
         <setParameter>
            <attribute>use_local_random_seed</attribute>
            <value>true</value>
            <condition>
               <parameter_unequals>
                  <parameter>local_random_seed</parameter>
                  <value>-1</value>
               </parameter_unequals>
            </condition>
         </setParameter>
      </replaceOperator>
   </weightedbootstrapping>
   <weightedbootstrappingvalidation>
      <setParameter>
         <attribute>use_local_random_seed</attribute>
         <value>true</value>
         <condition>
            <parameter_unequals>
               <parameter>local_random_seed</parameter>
               <value>-1</value>
            </parameter_unequals>
         </condition>
      </setParameter>
      <setParameter>
         <attribute>use_weights</attribute>
         <value>true</value>
      </setParameter>
      <replaceOperator>
         <replacement>bootstrapping_validation</replacement>
      </replaceOperator>
   </weightedbootstrappingvalidation>
   <windowing>
      <setParameter>
         <attribute>create_label</attribute>
         <value>true</value>
         <condition>
            <parameter_unequals>
               <parameter>label_dimension</parameter>
               <value></value>
            </parameter_unequals>
         </condition>
      </setParameter>
      <setParameter>
         <attribute>create_label</attribute>
         <value>true</value>
         <condition>
            <parameter_unequals>
               <parameter>label_attribute</parameter>
               <value></value>
            </parameter_unequals>
         </condition>
      </setParameter>
      <setParameter>
         <attribute>select_label_by_dimension</attribute>
         <value>true</value>
         <condition>
            <parameter_unequals>
               <parameter>label_dimension</parameter>
               <value></value>
            </parameter_unequals>
         </condition>
      </setParameter>
   </windowing>
   <work_on_subset>
      <replaceParameter>
         <oldparameter>attribute_name_regex</oldparameter>
         <newparameter>regular_expression</newparameter>
         <condition>
            <parameter_equals>
               <parameter>condition_class</parameter>
               <value>attribute_name_filter</value>
            </parameter_equals>
         </condition>
      </replaceParameter>
      <replaceParameter>
         <oldparameter>parameter_string</oldparameter>
         <newparameter>numeric_condition</newparameter>
         <condition>
            <parameter_equals>
               <parameter>condition_class</parameter>
               <value>numeric_value_filter</value>
            </parameter_equals>
         </condition>
      </replaceParameter>
      <replaceParameter>
         <oldparameter>process_special_attributes</oldparameter>
         <newparameter>include_special_attributes</newparameter>
      </replaceParameter>
      <replaceParameterValue>
         <parameter>condition_class</parameter>
         <oldvalue>attribute_name_filter</oldvalue>
         <newvalue>regular_expression</newvalue>
      </replaceParameterValue>
      <replaceParameter>
         <oldparameter>condition_class</oldparameter>
         <newparameter>attribute_filter_type</newparameter>
      </replaceParameter>
   </work_on_subset>
   <write_aml>
      <replaceOperator>
         <replacement>write_special</replacement>
         <condition>
            <parameter_equals>
               <parameter>format</parameter>
               <value>special_format</value>
            </parameter_equals>
         </condition>
      </replaceOperator>
   </write_aml>
   <write_database>
      <setParameter>
         <attribute>define_connection</attribute>
         <value>url</value>
      </setParameter>
   </write_database>

   <!-- Operators: X -->
   <!-- Operators: Y -->

   <!-- Generics: These rules are independent from operators  -->
   <Generics>
      <replaceIOMultiplier />
      <deleteUnnecessaryOperatorChain />
      <passthroughShortcut />
      <replaceIOContainerWriter />
      <repairOperatorEnabler />
   </Generics>
</parserules>